SEASON,TEAM_ID,TEAM_NAME,W,L,FGM,FGA,FG_PCT,FG3M,FG3A,FG3_PCT,FTM,FTA,FT_PCT,REB,AST,STL,BLK,PTS
1996-97,1610612737,Atlanta Hawks,56,26,34.3,76.9,0.446,8.0,22.4,0.36,18.2,23.8,0.763,41.1,19.0,8.5,5.2,94.8
1996-97,1610612738,Boston Celtics,15,67,37.4,85.0,0.44,5.7,16.2,0.351,20.1,26.8,0.75,40.0,21.9,9.9,3.8,100.6
1996-97,1610612766,Charlotte Hornets,54,28,36.4,77.3,0.471,7.2,16.9,0.428,18.8,24.2,0.777,39.1,24.6,7.3,4.3,98.9
1996-97,1610612741,Chicago Bulls,69,13,40.0,84.4,0.473,6.4,17.1,0.373,16.8,22.5,0.747,45.1,26.1,8.7,4.0,103.1
1996-97,1610612739,Cleveland Cavaliers,42,40,33.0,72.8,0.453,5.9,15.7,0.376,15.6,21.6,0.723,37.4,20.9,8.0,3.8,87.5
1996-97,1610612742,Dallas Mavericks,24,58,34.3,78.7,0.436,5.2,16.0,0.326,16.8,23.4,0.717,40.3,20.3,8.0,4.3,90.6
1996-97,1610612743,Denver Nuggets,21,61,35.8,81.5,0.439,7.8,20.9,0.372,18.5,24.3,0.761,42.0,23.0,6.1,5.9,97.8
1996-97,1610612765,Detroit Pistons,54,28,34.5,74.3,0.464,7.1,18.3,0.388,18.1,24.3,0.745,38.4,19.0,7.7,3.5,94.2
1996-97,1610612744,Golden State Warriors,30,52,36.5,80.1,0.456,5.9,16.6,0.353,20.7,26.6,0.778,40.8,22.2,7.5,4.4,99.6
1996-97,1610612745,Houston Rockets,57,25,37.0,79.1,0.468,8.2,22.4,0.365,18.3,24.3,0.755,42.6,24.5,8.4,4.2,100.6
1996-97,1610612754,Indiana Pacers,39,43,34.8,76.3,0.456,5.2,13.8,0.381,20.6,28.5,0.722,41.7,21.3,7.1,4.8,95.4
1996-97,1610612746,Los Angeles Clippers,36,46,36.5,81.7,0.446,5.8,16.3,0.354,18.5,25.3,0.731,40.7,20.3,8.9,5.4,97.2
1996-97,1610612747,Los Angeles Lakers,56,26,36.8,81.0,0.454,6.7,18.3,0.367,19.7,28.4,0.692,42.8,22.5,9.0,7.0,100.0
1996-97,1610612748,Miami Heat,61,21,34.4,76.0,0.453,8.3,22.7,0.364,17.7,24.7,0.719,41.0,21.2,7.9,5.4,94.8
1996-97,1610612749,Milwaukee Bucks,33,49,36.2,76.9,0.471,4.0,11.2,0.352,19.0,25.7,0.741,39.2,19.6,7.7,4.2,95.3
1996-97,1610612750,Minnesota Timberwolves,40,42,35.8,78.5,0.456,4.5,13.3,0.339,20.0,26.6,0.751,39.7,22.9,7.5,6.8,96.1
1996-97,1610612751,New Jersey Nets,26,56,36.5,86.5,0.422,5.9,16.7,0.353,18.3,24.8,0.74,46.2,21.0,8.3,5.9,97.2
1996-97,1610612752,New York Knicks,57,25,35.1,75.9,0.463,5.7,15.8,0.363,19.3,25.8,0.748,42.5,22.1,7.7,4.6,95.4
1996-97,1610612753,Orlando Magic,45,37,34.6,79.2,0.437,6.9,20.3,0.341,18.0,24.1,0.746,40.1,20.6,8.5,4.4,94.1
1996-97,1610612755,Philadelphia 76ers,22,60,36.6,83.5,0.438,5.3,16.5,0.319,21.7,29.9,0.725,44.2,20.7,8.3,4.8,100.2
1996-97,1610612756,Phoenix Suns,40,42,38.3,81.8,0.469,6.4,17.4,0.369,19.7,25.9,0.761,40.1,25.2,8.1,3.9,102.8
1996-97,1610612757,Portland Trail Blazers,49,33,36.6,78.8,0.464,6.1,17.1,0.358,19.7,27.6,0.713,43.3,20.8,7.8,5.3,99.0
1996-97,1610612758,Sacramento Kings,34,48,36.6,80.6,0.454,5.0,12.9,0.391,18.2,25.2,0.723,41.5,21.9,7.2,4.4,96.4
1996-97,1610612759,San Antonio Spurs,20,62,34.5,77.9,0.442,4.6,14.4,0.32,16.9,23.5,0.719,39.4,20.3,7.9,5.3,90.5
1996-97,1610612760,Seattle SuperSonics,57,25,36.5,78.2,0.467,6.8,19.3,0.353,21.0,28.0,0.752,40.0,23.5,11.0,4.7,100.9
1996-97,1610612761,Toronto Raptors,30,52,35.3,80.9,0.437,7.2,19.8,0.363,17.6,24.5,0.72,41.3,20.9,8.8,6.3,95.5
1996-97,1610612762,Utah Jazz,64,18,38.2,75.8,0.504,4.1,11.0,0.37,22.7,29.5,0.769,40.2,26.8,9.1,5.1,103.1
1996-97,1610612763,Vancouver Grizzlies,14,68,34.4,78.7,0.437,5.4,15.5,0.349,15.0,21.1,0.709,38.8,22.7,8.0,5.7,89.2
1996-97,1610612764,Washington Bullets,44,38,39.1,81.4,0.48,4.0,12.2,0.331,17.1,24.1,0.707,41.8,23.4,8.7,4.9,99.4
1997-98,1610612737,Atlanta Hawks,50,32,35.2,77.5,0.455,4.1,12.4,0.332,21.3,28.2,0.756,43.0,19.1,7.9,6.0,95.9
1997-98,1610612738,Boston Celtics,36,46,36.7,84.6,0.434,5.1,15.2,0.332,17.4,24.0,0.726,39.5,22.1,12.0,4.5,95.9
1997-98,1610612766,Charlotte Hornets,51,31,36.2,77.4,0.468,4.2,11.0,0.383,20.0,26.7,0.751,40.6,23.7,8.4,3.8,96.6
1997-98,1610612741,Chicago Bulls,62,20,37.4,82.9,0.451,3.8,11.7,0.323,18.2,24.5,0.743,44.9,23.8,8.5,4.3,96.7
1997-98,1610612739,Cleveland Cavaliers,47,35,34.4,75.7,0.454,3.6,9.8,0.372,20.2,26.7,0.756,40.1,23.1,9.9,5.1,92.5
1997-98,1610612742,Dallas Mavericks,20,62,35.1,82.4,0.427,5.1,14.4,0.357,16.0,21.2,0.753,40.1,18.7,7.9,5.7,91.4
1997-98,1610612743,Denver Nuggets,11,71,32.6,78.2,0.418,3.5,10.9,0.323,20.2,26.2,0.772,39.0,18.9,8.1,4.8,89.0
1997-98,1610612765,Detroit Pistons,37,45,34.9,77.7,0.449,3.6,11.4,0.312,20.8,27.9,0.745,41.2,19.5,8.3,4.2,94.2
1997-98,1610612744,Golden State Warriors,19,63,34.7,83.9,0.413,2.3,8.5,0.272,16.6,23.3,0.71,45.9,20.8,7.6,5.5,88.3
1997-98,1610612745,Houston Rockets,41,41,35.9,79.4,0.452,7.0,20.4,0.343,19.9,25.9,0.771,40.7,21.9,8.4,3.6,98.8
1997-98,1610612754,Indiana Pacers,58,24,35.6,75.9,0.469,4.9,12.5,0.39,19.9,26.0,0.764,39.3,23.0,7.9,4.5,96.0
1997-98,1610612746,Los Angeles Clippers,17,65,35.7,81.6,0.438,6.4,17.9,0.358,18.0,25.0,0.723,40.4,18.7,7.6,5.6,95.9
1997-98,1610612747,Los Angeles Lakers,61,21,38.4,79.7,0.481,6.1,17.3,0.351,22.7,33.5,0.679,43.3,24.5,9.0,6.8,105.5
1997-98,1610612748,Miami Heat,55,27,34.8,77.2,0.45,6.7,18.8,0.355,18.8,25.4,0.739,42.0,21.4,8.1,5.2,95.0
1997-98,1610612749,Milwaukee Bucks,36,46,35.6,78.0,0.456,3.0,8.6,0.354,20.3,26.4,0.767,39.9,20.1,8.9,4.4,94.5
1997-98,1610612750,Minnesota Timberwolves,45,37,38.5,83.5,0.461,3.7,10.6,0.347,20.4,27.5,0.743,42.6,25.2,7.8,5.2,101.1
1997-98,1610612751,New Jersey Nets,43,39,37.3,84.5,0.441,3.8,11.4,0.331,21.3,28.7,0.744,42.5,20.5,9.5,3.8,99.6
1997-98,1610612752,New York Knicks,43,39,34.9,78.2,0.447,4.7,13.9,0.335,17.1,22.1,0.772,41.6,21.8,7.7,3.4,91.6
1997-98,1610612753,Orlando Magic,41,41,33.8,78.7,0.429,3.6,11.1,0.323,18.9,26.1,0.726,41.2,20.7,7.9,5.4,90.1
1997-98,1610612755,Philadelphia 76ers,31,51,34.6,78.2,0.443,3.0,9.9,0.3,21.1,28.7,0.737,41.7,21.1,8.9,6.0,93.3
1997-98,1610612756,Phoenix Suns,56,26,38.3,81.8,0.468,5.3,14.8,0.356,17.8,23.8,0.749,42.0,25.9,9.2,5.2,99.6
1997-98,1610612757,Portland Trail Blazers,46,36,35.2,78.0,0.451,4.0,12.8,0.309,20.0,27.1,0.737,44.0,21.5,7.1,5.7,94.3
1997-98,1610612758,Sacramento Kings,27,55,36.1,81.5,0.442,3.5,9.8,0.351,17.6,25.6,0.687,41.4,22.4,7.3,5.1,93.1
1997-98,1610612759,San Antonio Spurs,56,26,35.3,75.5,0.468,3.7,10.5,0.35,18.2,26.4,0.688,44.2,22.4,6.3,6.9,92.5
1997-98,1610612760,Seattle SuperSonics,61,21,37.2,78.8,0.473,7.6,19.2,0.395,18.5,25.7,0.721,38.5,24.2,9.8,4.6,100.6
1997-98,1610612761,Toronto Raptors,16,66,36.2,83.1,0.435,4.5,13.2,0.343,18.0,25.1,0.718,40.7,21.3,9.4,8.1,94.9
1997-98,1610612762,Utah Jazz,62,20,36.5,74.5,0.49,3.0,8.2,0.372,24.9,32.2,0.773,41.1,25.2,7.9,5.0,101.0
1997-98,1610612763,Vancouver Grizzlies,19,63,36.7,80.1,0.458,4.0,11.0,0.362,19.3,26.2,0.739,41.4,23.9,7.5,4.3,96.6
1997-98,1610612764,Washington Wizards,42,40,37.6,83.1,0.452,3.9,11.5,0.339,18.2,26.3,0.691,42.2,23.2,8.4,4.6,97.2
1998-99,1610612737,Atlanta Hawks,31,19,30.8,75.2,0.409,3.9,12.9,0.306,20.8,28.4,0.731,43.5,15.6,6.9,5.2,86.3
1998-99,1610612738,Boston Celtics,19,31,36.3,83.3,0.436,5.5,15.2,0.36,14.9,21.5,0.692,42.8,21.5,9.1,5.1,93.0
1998-99,1610612766,Charlotte Hornets,26,24,33.4,74.4,0.449,5.4,14.7,0.365,20.7,27.7,0.747,39.5,22.2,8.9,4.9,92.9
1998-99,1610612741,Chicago Bulls,13,37,30.8,76.7,0.401,3.5,12.2,0.29,16.8,23.7,0.709,39.3,20.3,8.7,3.4,81.9
1998-99,1610612739,Cleveland Cavaliers,22,28,31.2,71.2,0.439,3.6,10.7,0.341,20.3,27.1,0.749,35.8,21.9,9.0,4.1,86.4
1998-99,1610612742,Dallas Mavericks,19,31,35.0,80.7,0.434,4.0,11.9,0.339,17.6,24.2,0.728,42.5,18.4,7.0,5.8,91.6
1998-99,1610612743,Denver Nuggets,14,36,33.6,79.8,0.421,6.0,18.4,0.328,20.2,26.5,0.762,40.8,19.4,7.5,5.5,93.5
1998-99,1610612765,Detroit Pistons,29,21,33.2,74.3,0.447,5.0,13.6,0.365,19.0,25.7,0.74,40.3,20.2,8.9,4.2,90.4
1998-99,1610612744,Golden State Warriors,21,29,34.6,83.5,0.415,3.2,11.3,0.287,15.9,23.5,0.676,47.5,20.7,8.3,4.4,88.3
1998-99,1610612745,Houston Rockets,31,19,35.1,76.0,0.462,6.7,18.3,0.368,17.3,23.7,0.729,41.5,21.2,7.7,5.2,94.2
1998-99,1610612754,Indiana Pacers,33,17,34.6,77.3,0.448,5.9,16.0,0.368,19.5,24.6,0.796,40.5,20.1,6.3,4.5,94.7
1998-99,1610612746,Los Angeles Clippers,9,41,34.2,80.1,0.427,4.3,13.4,0.32,17.7,24.5,0.721,39.2,16.4,8.5,4.7,90.4
1998-99,1610612747,Los Angeles Lakers,31,19,36.8,78.7,0.468,4.8,13.7,0.352,20.5,30.1,0.683,42.0,21.9,7.8,5.7,99.0
1998-99,1610612748,Miami Heat,33,17,32.3,71.3,0.453,5.8,16.1,0.359,18.6,25.2,0.735,40.3,20.4,6.5,6.1,89.0
1998-99,1610612749,Milwaukee Bucks,28,22,35.1,76.4,0.459,4.6,12.4,0.373,16.9,23.1,0.733,38.8,20.6,8.8,4.0,91.7
1998-99,1610612750,Minnesota Timberwolves,25,25,36.8,86.5,0.425,2.4,8.2,0.298,17.0,22.9,0.743,42.9,24.4,8.5,5.4,92.9
1998-99,1610612751,New Jersey Nets,16,34,33.8,83.2,0.406,4.5,13.6,0.331,19.2,25.0,0.769,43.0,18.5,9.8,5.5,91.4
1998-99,1610612752,New York Knicks,27,23,32.2,74.1,0.435,4.2,11.8,0.353,17.8,24.4,0.732,41.2,19.3,7.9,5.2,86.4
1998-99,1610612753,Orlando Magic,33,17,33.7,78.9,0.428,4.5,13.5,0.33,17.5,25.0,0.7,42.7,21.3,9.9,4.3,89.5
1998-99,1610612755,Philadelphia 76ers,28,22,33.1,77.7,0.426,2.0,7.4,0.264,21.5,29.7,0.722,43.1,18.7,10.8,5.4,89.7
1998-99,1610612756,Phoenix Suns,27,23,35.9,80.1,0.449,5.2,14.0,0.372,18.5,24.3,0.76,40.3,25.0,8.9,4.0,95.6
1998-99,1610612757,Portland Trail Blazers,35,15,34.9,79.1,0.442,4.9,13.5,0.364,20.0,27.0,0.743,44.3,21.5,8.2,5.8,94.8
1998-99,1610612758,Sacramento Kings,27,23,38.4,86.1,0.445,5.8,18.9,0.308,17.7,25.9,0.683,45.6,22.6,8.9,4.6,100.2
1998-99,1610612759,San Antonio Spurs,37,13,34.8,76.2,0.456,3.4,10.4,0.33,19.8,28.3,0.698,44.0,22.0,8.4,7.0,92.8
1998-99,1610612760,Seattle SuperSonics,25,25,35.1,79.5,0.442,6.2,18.0,0.344,18.4,27.1,0.681,42.0,21.7,7.9,4.0,94.9
1998-99,1610612761,Toronto Raptors,23,27,33.2,78.8,0.421,4.5,13.2,0.341,20.2,26.6,0.76,43.2,20.7,8.8,6.4,91.1
1998-99,1610612762,Utah Jazz,37,13,33.7,72.4,0.465,2.8,7.8,0.361,23.2,30.2,0.767,41.3,24.1,8.0,5.5,93.3
1998-99,1610612763,Vancouver Grizzlies,8,42,32.9,76.8,0.428,3.0,9.1,0.327,20.2,28.2,0.717,40.2,19.3,8.4,4.0,88.9
1998-99,1610612764,Washington Wizards,18,32,35.4,79.4,0.445,3.6,11.6,0.309,16.9,24.0,0.705,40.0,21.3,7.9,3.9,91.2
1999-00,1610612737,Atlanta Hawks,28,54,36.6,83.0,0.441,3.1,9.9,0.317,18.0,24.2,0.743,45.3,18.9,6.1,5.6,94.3
1999-00,1610612738,Boston Celtics,35,47,37.2,83.9,0.444,5.1,15.4,0.331,19.8,26.5,0.745,43.0,21.2,9.7,3.5,99.3
1999-00,1610612766,Charlotte Hornets,49,33,35.8,79.7,0.449,4.1,12.2,0.339,22.7,30.0,0.758,42.9,24.7,8.9,5.9,98.4
1999-00,1610612741,Chicago Bulls,17,65,31.3,75.4,0.415,4.1,12.6,0.329,18.1,25.5,0.709,40.9,20.0,7.9,4.7,84.8
1999-00,1610612739,Cleveland Cavaliers,32,50,36.3,82.1,0.442,4.2,11.2,0.373,20.2,26.9,0.75,42.8,23.7,8.7,4.4,97.0
1999-00,1610612742,Dallas Mavericks,40,42,39.0,85.9,0.453,6.3,16.2,0.391,17.2,21.4,0.804,41.2,22.1,7.2,5.1,101.4
1999-00,1610612743,Denver Nuggets,35,47,37.3,84.3,0.442,5.7,17.0,0.336,18.7,25.8,0.724,44.7,23.3,6.8,7.5,99.0
1999-00,1610612765,Detroit Pistons,42,40,37.1,80.9,0.459,5.4,14.9,0.359,23.9,30.6,0.781,41.2,20.8,8.1,3.3,103.5
1999-00,1610612744,Golden State Warriors,19,63,36.5,87.1,0.42,4.2,13.0,0.323,18.3,26.2,0.697,45.6,22.6,8.9,4.3,95.5
1999-00,1610612745,Houston Rockets,34,48,36.6,81.3,0.45,7.1,19.8,0.358,19.2,26.2,0.733,43.8,21.6,7.5,5.3,99.5
1999-00,1610612754,Indiana Pacers,56,26,37.2,81.0,0.459,7.1,18.1,0.392,19.9,24.5,0.811,42.1,22.6,6.8,5.1,101.3
1999-00,1610612746,Los Angeles Clippers,15,67,35.1,82.4,0.426,5.2,15.5,0.339,16.6,22.3,0.746,40.6,18.0,7.0,6.0,92.0
1999-00,1610612747,Los Angeles Lakers,67,15,38.3,83.4,0.459,4.2,12.8,0.329,20.1,28.9,0.696,47.0,23.4,7.5,6.5,100.8
1999-00,1610612748,Miami Heat,52,30,36.3,78.8,0.46,5.4,14.7,0.371,16.4,22.3,0.736,43.2,23.5,7.1,6.4,94.4
1999-00,1610612749,Milwaukee Bucks,42,40,38.7,83.3,0.465,4.8,13.0,0.369,19.0,24.2,0.786,41.3,22.6,8.2,4.6,101.2
1999-00,1610612750,Minnesota Timberwolves,50,32,39.3,84.3,0.467,3.0,8.7,0.346,16.8,21.6,0.78,42.5,26.9,7.6,5.4,98.5
1999-00,1610612751,New Jersey Nets,31,51,36.3,83.9,0.433,5.8,16.8,0.347,19.5,24.9,0.784,40.9,20.6,8.8,4.8,98.0
1999-00,1610612752,New York Knicks,50,32,35.3,77.7,0.455,4.3,11.4,0.375,17.2,22.0,0.781,40.5,19.4,6.3,4.3,92.1
1999-00,1610612753,Orlando Magic,41,41,38.6,85.5,0.452,3.6,10.6,0.338,19.2,26.1,0.735,44.9,20.8,9.1,5.7,100.1
1999-00,1610612755,Philadelphia 76ers,49,33,36.5,82.6,0.442,2.5,7.8,0.323,19.2,27.1,0.708,44.1,22.2,9.6,4.7,94.8
1999-00,1610612756,Phoenix Suns,53,29,37.7,82.6,0.457,5.6,15.2,0.368,17.9,23.6,0.759,43.7,25.6,9.1,5.3,98.9
1999-00,1610612757,Portland Trail Blazers,59,23,36.8,78.4,0.47,5.0,13.8,0.361,18.8,24.7,0.76,43.0,23.5,7.7,4.8,97.5
1999-00,1610612758,Sacramento Kings,44,38,40.0,88.9,0.45,6.5,20.2,0.322,18.5,24.6,0.754,45.0,23.8,9.6,4.6,105.0
1999-00,1610612759,San Antonio Spurs,53,29,36.0,78.0,0.462,4.0,10.8,0.374,20.1,27.0,0.746,43.8,22.2,7.5,6.7,96.2
1999-00,1610612760,Seattle SuperSonics,45,37,37.9,84.7,0.447,6.7,19.6,0.339,16.6,23.9,0.695,43.0,22.9,8.0,4.2,99.1
1999-00,1610612761,Toronto Raptors,45,37,36.3,83.9,0.433,5.2,14.3,0.363,19.3,25.2,0.765,43.3,23.7,8.1,6.6,97.2
1999-00,1610612762,Utah Jazz,55,27,36.1,77.8,0.464,4.0,10.4,0.385,20.3,26.2,0.773,41.0,24.9,7.7,5.4,96.5
1999-00,1610612763,Vancouver Grizzlies,22,60,35.3,78.5,0.449,4.0,11.0,0.361,19.4,25.1,0.774,40.6,20.7,7.4,4.2,93.9
1999-00,1610612764,Washington Wizards,29,53,36.7,81.5,0.451,4.1,10.9,0.376,19.1,25.7,0.743,42.7,21.6,7.2,4.7,96.6
2000-01,1610612737,Atlanta Hawks,25,57,35.1,81.3,0.431,4.1,11.4,0.357,16.8,22.1,0.759,42.9,19.0,7.7,4.7,91.0
2000-01,1610612738,Boston Celtics,36,46,33.8,79.1,0.428,7.2,19.9,0.363,19.8,26.7,0.74,39.8,20.8,9.4,4.1,94.6
2000-01,1610612766,Charlotte Hornets,46,36,34.1,79.3,0.431,4.1,12.0,0.346,19.5,26.2,0.745,44.4,23.2,8.1,5.5,91.9
2000-01,1610612741,Chicago Bulls,15,67,33.2,78.2,0.424,4.0,11.6,0.346,17.2,23.3,0.739,38.9,22.1,8.2,4.6,87.6
2000-01,1610612739,Cleveland Cavaliers,30,52,35.2,79.7,0.442,2.7,8.0,0.334,19.0,24.9,0.765,42.1,20.8,7.8,5.3,92.2
2000-01,1610612742,Dallas Mavericks,53,29,37.6,81.9,0.459,6.3,16.5,0.381,18.9,23.8,0.794,41.5,21.2,7.5,6.0,100.5
2000-01,1610612743,Denver Nuggets,40,42,36.3,83.9,0.433,6.2,17.6,0.355,17.7,24.0,0.737,44.2,24.0,6.7,6.6,96.6
2000-01,1610612765,Detroit Pistons,32,50,35.6,83.9,0.424,4.7,13.6,0.35,19.6,27.2,0.721,45.5,19.9,7.5,5.5,95.6
2000-01,1610612744,Golden State Warriors,17,65,35.8,87.5,0.409,3.4,11.8,0.293,17.4,24.7,0.706,45.5,21.8,9.0,5.0,92.5
2000-01,1610612745,Houston Rockets,45,37,35.9,79.2,0.453,6.1,17.2,0.357,19.3,25.4,0.758,42.0,19.7,7.2,4.4,97.2
2000-01,1610612754,Indiana Pacers,41,41,34.5,78.4,0.44,4.8,14.1,0.342,18.8,24.5,0.766,42.9,21.5,6.9,5.9,92.6
2000-01,1610612746,Los Angeles Clippers,31,51,35.3,78.9,0.448,4.4,13.0,0.339,17.4,25.1,0.693,42.9,19.3,6.0,6.3,92.5
2000-01,1610612747,Los Angeles Lakers,56,26,37.9,81.5,0.465,5.4,15.5,0.344,19.4,28.5,0.683,44.7,23.0,6.9,6.0,100.6
2000-01,1610612748,Miami Heat,50,32,32.9,76.3,0.43,5.8,16.9,0.345,17.4,22.9,0.759,39.6,19.9,7.7,3.7,88.9
2000-01,1610612749,Milwaukee Bucks,52,30,38.0,82.9,0.458,6.9,18.1,0.379,18.0,22.9,0.787,42.4,22.5,8.2,4.7,100.7
2000-01,1610612750,Minnesota Timberwolves,47,35,38.4,83.8,0.458,3.9,11.0,0.357,16.6,21.2,0.785,42.3,25.4,8.3,5.6,97.3
2000-01,1610612751,New Jersey Nets,26,56,33.9,79.9,0.425,4.4,13.2,0.333,19.9,26.2,0.759,39.6,19.5,7.9,5.0,92.1
2000-01,1610612752,New York Knicks,48,34,33.6,75.6,0.444,4.8,13.6,0.351,16.8,21.1,0.796,40.2,18.5,6.6,4.2,88.7
2000-01,1610612753,Orlando Magic,43,39,36.7,83.8,0.438,6.0,16.4,0.364,18.0,25.2,0.714,42.9,22.0,8.2,5.9,97.5
2000-01,1610612755,Philadelphia 76ers,56,26,35.4,79.1,0.447,3.2,9.8,0.326,20.7,27.8,0.745,44.8,20.6,8.4,5.0,94.7
2000-01,1610612756,Phoenix Suns,51,31,35.9,82.4,0.436,4.0,12.9,0.315,18.2,24.1,0.755,42.7,23.2,9.5,5.2,94.0
2000-01,1610612757,Portland Trail Blazers,50,32,36.6,78.3,0.468,4.5,12.9,0.349,17.6,23.2,0.762,42.0,23.9,8.2,5.1,95.4
2000-01,1610612758,Sacramento Kings,55,27,38.2,85.0,0.449,5.8,16.5,0.354,19.5,25.3,0.771,45.0,22.6,9.7,5.3,101.7
2000-01,1610612759,San Antonio Spurs,58,24,35.2,76.4,0.461,5.4,13.3,0.407,20.4,28.5,0.715,44.1,21.7,6.9,7.0,96.2
2000-01,1610612760,Seattle SuperSonics,44,38,36.9,81.1,0.456,5.7,14.3,0.399,17.7,24.2,0.732,41.7,21.9,8.0,5.0,97.3
2000-01,1610612761,Toronto Raptors,47,35,37.2,85.0,0.437,5.2,14.2,0.369,18.1,24.2,0.747,44.5,24.4,7.3,6.3,97.6
2000-01,1610612762,Utah Jazz,53,29,36.1,76.7,0.471,4.0,10.4,0.381,20.9,27.8,0.752,40.6,25.7,8.1,5.6,97.1
2000-01,1610612763,Vancouver Grizzlies,23,59,35.0,79.7,0.439,4.0,11.5,0.343,17.8,23.1,0.77,40.5,23.2,7.1,4.4,91.7
2000-01,1610612764,Washington Wizards,19,63,34.5,78.7,0.439,3.4,10.3,0.324,20.8,27.4,0.759,41.3,20.1,7.7,4.7,93.2
2001-02,1610612737,Atlanta Hawks,33,49,35.4,80.6,0.439,5.2,14.6,0.354,18.1,23.7,0.765,41.5,20.2,8.1,4.3,94.0
2001-02,1610612738,Boston Celtics,49,33,34.8,82.1,0.424,8.5,23.7,0.359,18.3,23.9,0.764,42.2,21.0,9.7,3.6,96.4
2001-02,1610612766,Charlotte Hornets,44,38,35.3,80.2,0.44,4.2,12.1,0.348,19.1,25.7,0.745,43.5,21.5,8.0,5.6,93.9
2001-02,1610612741,Chicago Bulls,21,61,34.3,79.2,0.433,3.7,10.6,0.346,17.2,23.9,0.722,40.0,22.2,7.7,4.4,89.5
2001-02,1610612739,Cleveland Cavaliers,29,53,36.0,80.3,0.448,4.7,12.5,0.377,18.6,24.1,0.772,42.1,23.1,7.0,5.7,95.3
2001-02,1610612742,Dallas Mavericks,57,25,39.0,84.5,0.462,7.6,20.1,0.378,19.6,24.3,0.806,42.5,22.1,7.1,4.8,105.2
2001-02,1610612743,Denver Nuggets,27,55,35.5,83.8,0.424,5.2,15.7,0.329,15.9,21.4,0.744,41.8,22.2,7.5,5.6,92.2
2001-02,1610612765,Detroit Pistons,50,32,34.7,76.8,0.452,6.9,18.4,0.376,18.0,23.8,0.756,38.7,21.5,7.9,6.9,94.3
2001-02,1610612744,Golden State Warriors,21,61,36.6,85.2,0.429,3.9,12.1,0.322,20.6,28.6,0.722,46.7,20.8,7.9,6.4,97.7
2001-02,1610612745,Houston Rockets,28,54,34.6,80.8,0.428,6.0,18.0,0.335,17.1,23.1,0.741,41.9,18.1,6.5,5.4,92.3
2001-02,1610612754,Indiana Pacers,42,40,35.8,80.2,0.446,4.9,14.6,0.339,20.3,26.3,0.772,42.7,23.0,8.0,5.3,96.8
2001-02,1610612746,Los Angeles Clippers,39,43,36.2,81.3,0.445,5.0,14.0,0.356,18.3,24.7,0.739,43.4,20.9,6.2,6.6,95.7
2001-02,1610612747,Los Angeles Lakers,58,24,38.4,83.4,0.461,6.2,17.5,0.354,18.2,26.1,0.699,44.3,23.0,7.6,5.8,101.3
2001-02,1610612763,Memphis Grizzlies,23,59,34.8,79.7,0.436,4.1,13.4,0.307,16.3,23.0,0.708,41.4,21.8,7.9,6.0,89.9
2001-02,1610612748,Miami Heat,36,46,34.2,77.8,0.439,3.8,11.0,0.347,15.1,20.8,0.724,42.0,20.3,6.7,5.5,87.2
2001-02,1610612749,Milwaukee Bucks,41,41,37.1,80.2,0.462,7.2,19.3,0.375,16.1,21.5,0.748,41.4,22.5,7.3,4.7,97.5
2001-02,1610612750,Minnesota Timberwolves,50,32,38.7,84.0,0.461,4.8,12.8,0.378,17.1,21.4,0.798,44.2,24.3,6.4,5.2,99.3
2001-02,1610612751,New Jersey Nets,52,30,37.1,83.1,0.446,4.9,14.6,0.338,17.1,23.3,0.735,43.3,24.3,8.7,6.0,96.2
2001-02,1610612752,New York Knicks,30,52,34.4,79.5,0.432,5.8,16.4,0.353,17.1,21.8,0.787,40.7,21.0,6.8,3.5,91.6
2001-02,1610612753,Orlando Magic,44,38,37.6,84.0,0.448,7.6,20.2,0.373,17.6,23.4,0.754,41.2,22.0,8.1,4.7,100.5
2001-02,1610612755,Philadelphia 76ers,43,39,34.2,78.5,0.436,2.6,8.7,0.299,20.0,25.7,0.779,44.2,20.0,8.6,4.4,91.0
2001-02,1610612756,Phoenix Suns,36,46,37.8,84.6,0.447,4.4,13.4,0.327,15.2,19.9,0.767,42.7,22.4,8.1,4.9,95.1
2001-02,1610612757,Portland Trail Blazers,49,33,36.6,81.4,0.45,5.7,16.1,0.354,17.7,23.2,0.763,43.0,23.5,8.6,4.5,96.6
2001-02,1610612758,Sacramento Kings,61,21,39.8,85.4,0.467,5.2,14.1,0.367,19.7,26.3,0.751,45.3,23.9,9.0,4.6,104.6
2001-02,1610612759,San Antonio Spurs,58,24,35.5,77.6,0.458,5.3,14.8,0.362,20.3,27.4,0.742,42.4,20.0,7.6,6.5,96.7
2001-02,1610612760,Seattle SuperSonics,45,37,38.2,81.5,0.469,6.0,15.8,0.378,15.4,20.4,0.755,40.3,23.5,8.5,4.4,97.7
2001-02,1610612761,Toronto Raptors,42,40,35.6,82.0,0.434,4.7,13.5,0.349,15.5,20.9,0.739,42.1,21.7,8.4,5.6,91.4
2001-02,1610612762,Utah Jazz,44,38,35.0,77.7,0.45,3.4,10.3,0.333,22.6,29.6,0.763,42.2,24.4,9.1,6.4,96.0
2001-02,1610612764,Washington Wizards,37,45,35.8,81.3,0.441,3.7,9.6,0.388,17.4,22.8,0.765,42.0,20.9,7.0,4.3,92.8
2002-03,1610612737,Atlanta Hawks,35,47,34.9,78.5,0.444,4.9,13.9,0.352,19.4,24.5,0.793,42.6,20.5,7.5,5.8,94.1
2002-03,1610612738,Boston Celtics,44,38,32.9,79.4,0.415,8.8,26.3,0.334,18.0,24.3,0.742,40.5,19.2,8.8,3.7,92.7
2002-03,1610612741,Chicago Bulls,30,52,36.5,81.9,0.445,4.3,12.2,0.35,17.7,24.6,0.722,43.0,21.7,7.4,5.6,95.0
2002-03,1610612739,Cleveland Cavaliers,17,65,34.8,82.3,0.422,3.6,10.9,0.327,18.3,24.5,0.747,44.6,20.9,7.8,6.4,91.4
2002-03,1610612742,Dallas Mavericks,60,22,38.5,85.1,0.453,7.8,20.3,0.381,18.1,21.9,0.829,42.1,22.4,8.1,5.5,103.0
2002-03,1610612743,Denver Nuggets,17,65,32.8,79.8,0.411,2.8,10.0,0.278,15.8,22.6,0.699,42.4,21.2,8.7,5.1,84.2
2002-03,1610612765,Detroit Pistons,50,32,32.9,76.5,0.43,6.5,18.1,0.358,19.0,24.6,0.771,40.6,19.8,6.8,5.7,91.4
2002-03,1610612744,Golden State Warriors,38,44,37.3,84.6,0.441,5.2,15.1,0.344,22.6,29.0,0.778,46.7,20.9,7.2,6.2,102.4
2002-03,1610612745,Houston Rockets,43,39,34.6,78.8,0.44,5.4,15.5,0.346,19.1,24.9,0.768,43.8,18.4,7.2,6.0,93.8
2002-03,1610612754,Indiana Pacers,48,34,35.5,80.6,0.441,4.6,13.6,0.339,21.2,27.7,0.766,44.2,23.3,8.5,5.4,96.8
2002-03,1610612746,Los Angeles Clippers,27,55,34.6,79.1,0.437,4.8,14.4,0.331,19.9,26.5,0.75,42.3,19.6,7.0,5.6,93.8
2002-03,1610612747,Los Angeles Lakers,50,32,37.7,83.6,0.451,5.9,16.7,0.356,19.0,26.0,0.734,44.3,23.3,7.8,5.7,100.4
2002-03,1610612763,Memphis Grizzlies,28,54,37.2,82.2,0.452,5.7,15.6,0.365,17.4,23.6,0.739,41.6,23.1,7.9,6.1,97.5
2002-03,1610612748,Miami Heat,25,57,32.8,79.5,0.412,4.2,13.4,0.316,15.8,20.6,0.765,41.6,18.3,7.2,4.0,85.6
2002-03,1610612749,Milwaukee Bucks,42,40,37.1,81.3,0.457,7.1,18.6,0.383,18.1,23.3,0.776,39.5,22.2,7.6,4.2,99.5
2002-03,1610612750,Minnesota Timberwolves,51,31,38.7,83.0,0.466,3.6,9.8,0.368,17.1,22.3,0.77,43.6,25.2,6.7,5.3,98.1
2002-03,1610612751,New Jersey Nets,49,33,35.4,80.3,0.441,4.2,12.7,0.332,20.3,26.8,0.757,42.9,23.0,8.7,4.6,95.4
2002-03,1610612740,New Orleans Hornets,47,35,35.5,81.6,0.435,4.9,13.1,0.376,17.9,23.3,0.768,43.6,22.0,8.0,4.8,93.9
2002-03,1610612752,New York Knicks,37,45,36.2,82.0,0.441,7.4,19.3,0.383,16.1,19.8,0.815,39.2,22.0,7.1,3.1,95.9
2002-03,1610612753,Orlando Magic,42,40,35.9,82.5,0.436,6.9,19.4,0.357,19.7,25.4,0.777,40.9,20.4,8.5,3.7,98.5
2002-03,1610612755,Philadelphia 76ers,48,34,36.3,81.0,0.448,3.0,9.6,0.311,21.3,27.5,0.775,42.2,21.6,10.3,3.5,96.8
2002-03,1610612756,Phoenix Suns,44,38,36.6,82.6,0.443,4.8,14.0,0.343,17.4,23.5,0.742,42.5,21.0,8.1,4.9,95.5
2002-03,1610612757,Portland Trail Blazers,50,32,36.4,79.2,0.46,4.6,14.0,0.33,17.7,23.7,0.745,41.1,22.7,8.8,3.9,95.2
2002-03,1610612758,Sacramento Kings,59,23,39.5,85.2,0.464,6.0,15.7,0.381,16.7,22.3,0.746,44.5,24.8,9.0,5.6,101.7
2002-03,1610612759,San Antonio Spurs,60,22,35.5,76.8,0.462,5.5,15.5,0.354,19.4,26.8,0.725,42.6,20.0,7.7,6.5,95.8
2002-03,1610612760,Seattle SuperSonics,40,42,35.2,80.5,0.437,5.6,15.7,0.353,16.2,21.7,0.744,40.8,21.6,8.3,3.6,92.1
2002-03,1610612761,Toronto Raptors,24,58,34.7,81.3,0.427,5.0,14.5,0.343,16.5,22.9,0.718,41.2,19.3,7.4,4.8,90.9
2002-03,1610612762,Utah Jazz,47,35,35.3,75.5,0.468,2.7,7.8,0.349,21.3,28.6,0.745,41.5,25.6,8.6,5.7,94.7
2002-03,1610612764,Washington Wizards,37,45,34.3,78.0,0.44,3.1,9.9,0.312,19.7,25.3,0.779,40.4,19.7,7.6,4.8,91.5
2003-04,1610612737,Atlanta Hawks,28,54,34.5,79.6,0.433,5.1,15.2,0.335,18.7,24.1,0.776,42.7,20.1,7.6,5.0,92.8
2003-04,1610612738,Boston Celtics,36,46,34.7,78.2,0.443,6.7,19.5,0.346,19.2,25.5,0.75,40.1,20.5,9.4,4.0,95.3
2003-04,1610612741,Chicago Bulls,23,59,34.1,82.4,0.414,5.2,15.3,0.342,16.2,22.4,0.725,43.5,21.9,8.0,4.8,89.7
2003-04,1610612739,Cleveland Cavaliers,35,47,35.6,82.4,0.433,3.0,9.6,0.314,18.6,24.8,0.753,45.6,22.0,7.1,6.5,92.9
2003-04,1610612742,Dallas Mavericks,52,30,40.5,88.2,0.459,6.2,17.8,0.348,18.0,22.6,0.796,45.3,23.9,8.0,5.3,105.2
2003-04,1610612743,Denver Nuggets,43,39,36.5,82.5,0.443,4.0,12.0,0.336,20.2,26.3,0.767,42.3,21.9,9.1,6.3,97.2
2003-04,1610612765,Detroit Pistons,54,28,33.5,77.0,0.435,4.1,11.8,0.344,19.0,25.3,0.753,42.8,20.8,8.0,7.0,90.1
2003-04,1610612744,Golden State Warriors,37,45,35.1,79.4,0.442,5.2,15.6,0.334,17.9,24.7,0.725,43.1,20.5,7.0,4.7,93.3
2003-04,1610612745,Houston Rockets,45,37,33.4,75.5,0.442,6.3,17.1,0.366,16.7,21.6,0.773,42.6,19.3,6.8,5.4,89.8
2003-04,1610612754,Indiana Pacers,61,21,33.6,77.1,0.435,5.5,15.6,0.351,18.8,24.6,0.764,41.7,21.6,8.9,5.0,91.4
2003-04,1610612746,Los Angeles Clippers,28,54,34.4,80.2,0.428,4.0,12.5,0.321,22.0,28.1,0.785,43.5,20.2,7.2,4.6,94.8
2003-04,1610612747,Los Angeles Lakers,56,26,36.9,81.4,0.454,4.5,13.6,0.327,19.9,28.7,0.693,43.1,23.8,8.3,4.6,98.2
2003-04,1610612763,Memphis Grizzlies,50,32,36.1,81.2,0.445,5.5,16.0,0.34,19.0,26.1,0.727,41.8,23.4,9.7,6.9,96.7
2003-04,1610612748,Miami Heat,42,40,33.3,78.3,0.425,5.9,16.5,0.357,17.8,23.4,0.762,41.5,19.1,7.2,3.8,90.3
2003-04,1610612749,Milwaukee Bucks,41,41,36.2,81.1,0.447,4.9,14.0,0.35,20.7,26.7,0.775,42.2,22.8,6.8,4.7,98.0
2003-04,1610612750,Minnesota Timberwolves,58,24,37.0,80.1,0.462,4.0,10.9,0.363,16.6,21.3,0.781,42.9,23.0,6.8,5.6,94.5
2003-04,1610612751,New Jersey Nets,47,35,34.3,77.7,0.441,4.6,13.7,0.336,17.0,22.6,0.753,40.7,24.5,8.6,3.9,90.3
2003-04,1610612740,New Orleans Hornets,41,41,33.8,80.5,0.42,6.5,20.3,0.319,17.7,23.6,0.751,42.8,20.9,8.6,4.2,91.8
2003-04,1610612752,New York Knicks,39,43,35.1,79.4,0.442,5.0,13.6,0.364,16.8,21.1,0.793,42.6,20.7,7.4,4.8,92.0
2003-04,1610612753,Orlando Magic,21,61,35.4,82.5,0.429,5.2,15.2,0.344,18.0,24.4,0.737,40.9,19.3,6.7,3.8,94.0
2003-04,1610612755,Philadelphia 76ers,33,49,32.7,76.3,0.428,4.1,12.1,0.342,18.4,24.5,0.753,40.8,20.0,8.0,4.4,88.0
2003-04,1610612756,Phoenix Suns,29,53,36.1,81.4,0.443,5.1,14.7,0.345,17.0,22.7,0.746,40.6,19.3,9.0,4.7,94.2
2003-04,1610612757,Portland Trail Blazers,41,41,35.3,78.9,0.448,4.6,13.4,0.346,15.4,21.1,0.731,41.7,21.6,7.5,5.4,90.7
2003-04,1610612758,Sacramento Kings,55,27,37.8,81.8,0.462,7.3,18.3,0.401,19.8,24.9,0.795,41.2,26.2,8.7,4.0,102.8
2003-04,1610612759,San Antonio Spurs,57,25,34.7,78.5,0.442,5.0,13.9,0.358,17.2,25.2,0.681,45.1,20.4,8.1,6.5,91.5
2003-04,1610612760,Seattle SuperSonics,37,45,35.8,80.4,0.446,8.8,23.6,0.373,16.6,21.7,0.765,39.3,21.7,8.1,4.7,97.1
2003-04,1610612761,Toronto Raptors,33,49,32.4,77.4,0.418,5.6,15.8,0.356,15.1,20.1,0.75,39.6,19.2,7.4,4.9,85.4
2003-04,1610612762,Utah Jazz,42,40,32.8,75.3,0.436,3.1,9.6,0.321,20.0,26.8,0.746,41.2,20.4,7.1,6.0,88.7
2003-04,1610612764,Washington Wizards,25,57,33.6,80.0,0.421,5.3,15.5,0.342,19.3,27.0,0.714,42.8,18.7,8.9,5.0,91.8
2004-05,1610612737,Atlanta Hawks,13,69,35.9,81.4,0.441,3.7,11.9,0.312,17.3,24.3,0.711,41.9,19.7,7.7,4.2,92.7
2004-05,1610612738,Boston Celtics,45,37,37.1,79.4,0.468,5.3,15.3,0.349,21.6,28.3,0.764,40.8,22.1,8.1,5.2,101.3
2004-05,1610612766,Charlotte Bobcats,18,64,36.1,83.6,0.432,3.9,10.7,0.363,18.1,25.6,0.709,41.7,21.9,8.5,5.4,94.3
2004-05,1610612741,Chicago Bulls,47,35,34.7,80.4,0.432,6.2,17.5,0.357,18.7,25.0,0.75,43.8,21.3,7.0,4.5,94.5
2004-05,1610612739,Cleveland Cavaliers,42,40,36.5,81.5,0.447,3.7,11.0,0.332,19.9,26.5,0.752,42.3,22.6,8.0,5.6,96.5
2004-05,1610612742,Dallas Mavericks,58,24,37.3,81.6,0.457,5.6,15.5,0.364,22.3,28.2,0.789,42.9,19.6,8.6,5.6,102.5
2004-05,1610612743,Denver Nuggets,49,33,37.0,80.7,0.459,3.9,11.5,0.34,21.5,28.2,0.763,42.0,23.9,9.1,6.0,99.5
2004-05,1610612765,Detroit Pistons,54,28,34.8,78.3,0.444,4.4,12.8,0.345,19.4,26.2,0.739,43.4,21.8,7.0,6.1,93.3
2004-05,1610612744,Golden State Warriors,34,48,36.9,85.8,0.43,7.6,21.6,0.352,17.2,23.8,0.722,42.7,22.1,7.8,5.1,98.7
2004-05,1610612745,Houston Rockets,51,31,34.7,78.3,0.443,6.7,18.5,0.364,18.9,24.2,0.781,42.4,21.1,6.9,4.6,95.1
2004-05,1610612754,Indiana Pacers,44,38,32.5,75.2,0.432,6.6,19.2,0.344,21.3,26.9,0.792,40.1,18.2,7.5,4.4,93.0
2004-05,1610612746,Los Angeles Clippers,37,45,35.7,77.7,0.459,2.8,8.2,0.345,21.6,27.7,0.778,41.9,23.2,7.3,5.1,95.7
2004-05,1610612747,Los Angeles Lakers,34,48,35.3,80.8,0.437,7.9,22.1,0.355,20.3,26.1,0.777,43.2,20.4,6.2,4.2,98.7
2004-05,1610612763,Memphis Grizzlies,45,37,34.2,76.5,0.447,6.5,18.1,0.357,18.6,24.7,0.754,39.0,20.9,8.5,5.8,93.4
2004-05,1610612748,Miami Heat,59,23,37.8,77.7,0.486,5.8,15.4,0.377,20.2,30.1,0.672,43.0,21.8,6.4,5.8,101.5
2004-05,1610612749,Milwaukee Bucks,30,52,36.1,80.2,0.45,4.0,11.3,0.351,21.0,27.2,0.772,41.3,21.0,6.5,3.5,97.2
2004-05,1610612750,Minnesota Timberwolves,44,38,37.1,80.8,0.459,4.8,14.0,0.345,17.7,22.2,0.796,43.0,23.4,5.6,5.5,96.8
2004-05,1610612751,New Jersey Nets,42,40,33.6,78.3,0.429,5.3,14.7,0.362,19.0,24.9,0.763,39.5,21.6,7.9,3.8,91.4
2004-05,1610612740,New Orleans Hornets,18,64,33.1,80.0,0.415,5.1,16.0,0.315,17.1,22.3,0.766,40.2,21.0,6.7,3.8,88.4
2004-05,1610612752,New York Knicks,33,49,36.3,80.5,0.451,5.4,15.1,0.356,19.3,25.1,0.767,41.0,20.3,7.7,3.2,97.3
2004-05,1610612753,Orlando Magic,36,46,37.0,81.5,0.454,3.9,11.2,0.349,21.6,28.5,0.759,43.7,19.3,7.7,5.4,99.5
2004-05,1610612755,Philadelphia 76ers,43,39,35.9,82.1,0.437,6.2,17.7,0.348,21.1,26.8,0.789,42.0,20.9,9.2,3.9,99.1
2004-05,1610612756,Phoenix Suns,62,20,40.9,85.6,0.477,9.7,24.7,0.393,19.0,25.4,0.748,44.1,23.5,7.0,5.5,110.4
2004-05,1610612757,Portland Trail Blazers,27,55,35.3,78.3,0.451,5.1,14.2,0.362,17.2,23.7,0.725,41.1,21.0,7.1,6.6,92.9
2004-05,1610612758,Sacramento Kings,50,32,39.1,85.1,0.459,6.4,17.0,0.374,19.2,24.4,0.787,42.4,24.5,8.2,3.9,103.7
2004-05,1610612759,San Antonio Spurs,59,23,35.6,78.7,0.453,6.2,17.0,0.363,18.7,25.9,0.724,42.4,21.6,7.5,6.6,96.2
2004-05,1610612760,Seattle SuperSonics,52,30,35.1,79.2,0.444,8.1,22.2,0.365,20.5,26.0,0.79,40.9,18.1,6.7,4.1,98.9
2004-05,1610612761,Toronto Raptors,33,49,36.0,81.2,0.444,7.9,20.5,0.385,19.8,25.6,0.774,40.1,20.4,7.6,3.9,99.7
2004-05,1610612762,Utah Jazz,26,56,34.5,76.8,0.449,3.0,9.3,0.328,21.0,27.7,0.757,40.1,22.3,6.6,4.6,93.0
2004-05,1610612764,Washington Wizards,45,37,36.2,82.9,0.437,6.3,18.3,0.343,21.9,30.2,0.725,42.8,19.1,8.7,4.2,100.5
2005-06,1610612737,Atlanta Hawks,26,56,35.9,79.2,0.454,5.2,14.1,0.367,20.2,26.9,0.75,40.3,19.8,7.2,4.8,97.2
2005-06,1610612738,Boston Celtics,33,49,36.0,77.1,0.467,5.7,15.7,0.362,20.3,26.9,0.755,39.6,20.9,7.0,5.1,98.0
2005-06,1610612766,Charlotte Bobcats,26,56,36.1,83.5,0.433,5.2,15.4,0.339,19.4,26.7,0.729,39.8,20.9,10.0,4.3,96.9
2005-06,1610612741,Chicago Bulls,41,41,36.6,82.2,0.446,6.8,18.0,0.379,17.7,24.0,0.738,42.8,22.0,6.2,4.2,97.8
2005-06,1610612739,Cleveland Cavaliers,50,32,35.5,78.2,0.454,6.1,17.9,0.339,20.6,28.3,0.729,42.3,19.0,6.9,4.8,97.6
2005-06,1610612742,Dallas Mavericks,60,22,36.0,77.7,0.462,5.1,13.6,0.374,22.2,28.3,0.783,42.2,18.0,7.2,6.0,99.1
2005-06,1610612743,Denver Nuggets,44,38,37.5,81.4,0.461,4.3,13.1,0.325,21.0,28.2,0.744,41.3,23.4,8.5,5.6,100.3
2005-06,1610612765,Detroit Pistons,64,18,36.4,80.0,0.455,6.8,17.7,0.384,17.3,23.8,0.727,40.5,24.0,7.1,6.0,96.8
2005-06,1610612744,Golden State Warriors,34,48,35.8,82.7,0.433,7.6,22.3,0.341,19.2,26.7,0.718,42.3,20.7,7.4,4.3,98.5
2005-06,1610612745,Houston Rockets,34,48,33.0,76.2,0.433,5.7,17.2,0.332,18.3,24.1,0.759,41.6,19.3,7.2,3.9,90.1
2005-06,1610612754,Indiana Pacers,41,41,34.0,76.5,0.444,6.5,18.7,0.349,19.4,26.3,0.737,42.2,19.9,7.3,5.0,93.9
2005-06,1610612746,Los Angeles Clippers,47,35,36.5,78.6,0.465,3.5,10.3,0.344,20.7,26.1,0.791,43.1,20.8,6.5,6.1,97.2
2005-06,1610612747,Los Angeles Lakers,45,37,36.5,80.6,0.453,6.7,19.3,0.349,19.7,26.5,0.745,42.2,21.1,7.7,4.3,99.4
2005-06,1610612763,Memphis Grizzlies,49,33,33.5,74.7,0.448,7.2,19.2,0.374,18.0,25.3,0.711,39.2,19.3,7.3,5.4,92.2
2005-06,1610612748,Miami Heat,52,30,37.1,77.5,0.478,6.1,17.6,0.345,19.7,28.2,0.7,43.1,20.6,6.4,5.4,99.9
2005-06,1610612749,Milwaukee Bucks,40,42,36.3,80.1,0.453,6.2,16.3,0.38,19.0,25.8,0.738,41.2,21.6,7.3,3.3,97.8
2005-06,1610612750,Minnesota Timberwolves,33,49,35.2,77.3,0.456,3.8,11.5,0.329,17.5,23.1,0.758,39.4,20.9,6.8,5.7,91.7
2005-06,1610612751,New Jersey Nets,49,33,33.9,77.0,0.44,5.8,17.6,0.33,20.2,26.7,0.758,41.0,23.0,6.8,3.4,93.8
2005-06,1610612740,New Orleans/Oklahoma City Hornets,38,44,34.5,78.4,0.44,3.7,10.8,0.339,20.1,26.5,0.758,40.2,18.5,7.5,3.8,92.8
2005-06,1610612752,New York Knicks,23,59,34.4,75.7,0.455,3.9,10.8,0.362,22.9,31.5,0.726,41.4,17.9,6.8,3.3,95.6
2005-06,1610612753,Orlando Magic,36,46,35.5,75.2,0.472,3.6,9.7,0.376,20.3,27.8,0.73,40.2,18.2,6.5,4.4,94.9
2005-06,1610612755,Philadelphia 76ers,38,44,36.6,79.8,0.458,4.6,12.6,0.364,21.6,28.4,0.76,40.2,20.2,7.9,4.9,99.4
2005-06,1610612756,Phoenix Suns,54,28,41.8,87.4,0.479,10.2,25.6,0.399,14.5,18.0,0.806,41.8,26.6,6.7,5.0,108.4
2005-06,1610612757,Portland Trail Blazers,21,61,34.0,76.4,0.445,4.4,12.7,0.349,16.3,23.7,0.689,37.7,18.2,6.5,5.3,88.8
2005-06,1610612758,Sacramento Kings,44,38,36.0,79.3,0.454,6.0,17.2,0.351,20.8,26.5,0.784,40.5,22.3,7.4,3.6,98.9
2005-06,1610612759,San Antonio Spurs,63,19,36.5,77.3,0.472,6.4,16.6,0.385,16.2,23.1,0.702,41.5,20.9,6.6,5.7,95.6
2005-06,1610612760,Seattle SuperSonics,35,47,37.5,81.8,0.459,7.4,19.9,0.371,20.1,25.7,0.785,39.6,20.7,7.6,3.7,102.6
2005-06,1610612761,Toronto Raptors,27,55,36.7,81.0,0.454,7.4,19.8,0.375,20.2,25.5,0.791,38.5,19.4,6.5,3.3,101.1
2005-06,1610612762,Utah Jazz,41,41,33.5,75.7,0.442,3.8,11.3,0.336,21.6,30.1,0.719,42.1,21.6,6.4,6.0,92.4
2005-06,1610612764,Washington Wizards,42,40,36.3,81.2,0.447,6.1,17.0,0.357,23.0,30.4,0.757,41.2,18.6,8.0,4.1,101.7
2006-07,1610612737,Atlanta Hawks,30,52,34.5,77.7,0.444,4.2,12.7,0.329,20.5,26.9,0.761,40.1,19.2,7.4,5.4,93.7
2006-07,1610612738,Boston Celtics,24,58,34.9,78.7,0.443,5.7,15.6,0.367,20.4,26.6,0.767,40.4,19.9,7.2,4.7,95.8
2006-07,1610612766,Charlotte Bobcats,33,49,36.1,81.0,0.446,5.6,15.6,0.357,19.1,26.0,0.734,39.8,22.4,7.8,4.5,96.9
2006-07,1610612741,Chicago Bulls,49,33,37.1,81.3,0.457,5.9,15.1,0.388,18.6,25.4,0.734,43.7,22.3,7.8,5.4,98.8
2006-07,1610612739,Cleveland Cavaliers,50,32,36.3,81.2,0.447,6.0,17.1,0.352,18.1,26.0,0.696,43.5,20.8,7.6,4.3,96.8
2006-07,1610612742,Dallas Mavericks,67,15,36.7,78.6,0.467,6.5,17.1,0.381,20.1,24.9,0.805,41.9,19.9,6.8,5.0,100.0
2006-07,1610612743,Denver Nuggets,45,37,38.6,83.0,0.465,5.9,17.6,0.336,22.3,29.9,0.746,43.4,23.4,8.3,5.3,105.4
2006-07,1610612765,Detroit Pistons,53,29,35.9,79.1,0.454,5.5,15.9,0.344,18.8,24.2,0.774,40.5,21.6,7.1,5.8,96.0
2006-07,1610612744,Golden State Warriors,42,40,39.8,86.0,0.463,8.5,24.0,0.356,18.5,25.8,0.717,41.4,23.8,9.1,5.7,106.5
2006-07,1610612745,Houston Rockets,52,30,35.4,79.6,0.445,8.6,23.1,0.372,17.5,23.2,0.753,43.3,20.8,7.1,4.1,97.0
2006-07,1610612754,Indiana Pacers,35,47,35.0,80.0,0.438,5.9,16.9,0.346,19.7,25.9,0.76,41.8,20.5,7.3,5.5,95.6
2006-07,1610612746,Los Angeles Clippers,40,42,35.1,77.0,0.456,3.8,11.0,0.348,21.6,27.4,0.788,41.1,21.5,7.3,5.8,95.6
2006-07,1610612747,Los Angeles Lakers,42,40,37.8,81.3,0.466,7.4,21.0,0.353,20.2,27.1,0.747,41.2,22.6,7.3,5.1,103.3
2006-07,1610612763,Memphis Grizzlies,22,60,36.6,78.6,0.465,6.1,16.6,0.367,22.4,29.4,0.761,39.5,20.5,6.9,5.0,101.6
2006-07,1610612748,Miami Heat,44,38,35.6,76.7,0.464,6.4,18.8,0.343,17.0,24.6,0.69,40.8,20.5,6.9,5.4,94.6
2006-07,1610612749,Milwaukee Bucks,28,54,38.1,81.9,0.465,6.4,18.0,0.356,17.1,23.4,0.733,39.2,21.6,7.2,2.7,99.7
2006-07,1610612750,Minnesota Timberwolves,32,50,36.5,79.3,0.461,4.7,13.3,0.353,18.3,23.1,0.792,40.1,22.5,6.5,4.0,96.1
2006-07,1610612751,New Jersey Nets,41,41,35.5,77.8,0.457,7.4,20.4,0.363,19.1,26.3,0.727,40.8,23.9,6.1,3.3,97.6
2006-07,1610612740,New Orleans/Oklahoma City Hornets,39,43,36.2,81.4,0.445,5.5,15.3,0.362,17.5,23.7,0.74,43.1,18.7,6.4,4.2,95.5
2006-07,1610612752,New York Knicks,33,49,35.4,77.5,0.457,5.8,16.7,0.346,20.9,29.2,0.715,43.3,18.7,6.6,3.2,97.5
2006-07,1610612753,Orlando Magic,40,42,35.1,74.3,0.472,4.2,11.7,0.356,20.5,29.2,0.702,40.7,18.6,6.9,5.1,94.8
2006-07,1610612755,Philadelphia 76ers,35,47,35.8,78.1,0.458,3.5,10.0,0.345,20.0,26.0,0.767,39.7,20.4,7.2,4.8,94.9
2006-07,1610612756,Phoenix Suns,61,21,41.3,83.6,0.494,9.6,24.0,0.399,18.0,22.3,0.808,40.5,25.9,6.7,4.8,110.2
2006-07,1610612757,Portland Trail Blazers,32,50,35.0,78.0,0.45,5.2,15.0,0.346,18.8,24.5,0.769,39.3,18.5,6.8,4.6,94.1
2006-07,1610612758,Sacramento Kings,33,49,35.9,79.7,0.45,6.5,18.5,0.35,23.1,30.2,0.765,38.9,20.3,8.2,3.2,101.3
2006-07,1610612759,San Antonio Spurs,58,24,36.6,77.2,0.474,7.3,19.0,0.381,18.1,24.1,0.751,40.7,22.1,7.2,5.1,98.5
2006-07,1610612760,Seattle SuperSonics,31,51,37.2,80.8,0.46,6.4,17.7,0.362,18.4,23.3,0.791,39.6,20.7,7.7,3.7,99.1
2006-07,1610612761,Toronto Raptors,47,35,37.0,79.8,0.463,6.5,17.9,0.363,19.0,24.2,0.788,39.5,22.2,7.1,3.9,99.5
2006-07,1610612762,Utah Jazz,51,31,37.4,78.9,0.474,4.3,12.9,0.335,22.3,30.0,0.743,42.5,24.7,7.0,4.1,101.5
2006-07,1610612764,Washington Wizards,41,41,37.4,83.2,0.45,6.8,19.7,0.348,22.6,29.6,0.765,41.2,20.2,7.7,4.6,104.3
2007-08,1610612737,Atlanta Hawks,37,45,36.3,79.9,0.454,4.7,13.1,0.356,21.0,27.2,0.772,42.2,22.0,7.3,5.5,98.2
2007-08,1610612738,Boston Celtics,66,16,36.4,76.7,0.475,7.3,19.1,0.381,20.5,26.5,0.771,42.0,22.4,8.5,4.6,100.5
2007-08,1610612766,Charlotte Bobcats,32,50,36.1,79.9,0.452,6.5,17.6,0.367,18.4,25.8,0.714,40.6,21.3,7.5,4.9,97.1
2007-08,1610612741,Chicago Bulls,33,49,36.4,83.7,0.435,5.8,15.9,0.363,18.7,24.7,0.756,43.0,22.1,7.7,5.2,97.3
2007-08,1610612739,Cleveland Cavaliers,45,37,35.8,81.7,0.439,6.7,18.8,0.358,18.0,25.1,0.717,44.6,20.0,7.1,5.2,96.4
2007-08,1610612742,Dallas Mavericks,51,31,36.9,79.5,0.464,6.0,17.1,0.352,20.6,25.3,0.814,43.0,21.0,6.0,4.9,100.4
2007-08,1610612743,Denver Nuggets,50,32,40.3,85.8,0.47,6.9,19.6,0.355,23.1,30.7,0.751,44.1,24.7,9.2,6.7,110.7
2007-08,1610612765,Detroit Pistons,59,23,36.6,79.9,0.458,5.9,16.2,0.366,18.4,24.0,0.767,41.4,22.3,7.1,5.8,97.5
2007-08,1610612744,Golden State Warriors,48,34,41.5,90.3,0.459,9.3,26.6,0.348,18.8,24.9,0.752,43.2,22.4,9.1,4.6,111.0
2007-08,1610612745,Houston Rockets,55,27,36.6,81.7,0.448,7.1,20.8,0.342,16.4,22.5,0.726,44.6,21.4,7.3,5.1,96.7
2007-08,1610612754,Indiana Pacers,36,46,37.8,85.3,0.444,9.2,24.6,0.374,19.1,24.9,0.768,43.1,22.7,7.6,5.0,104.0
2007-08,1610612746,Los Angeles Clippers,23,59,34.4,78.6,0.438,4.3,13.2,0.324,20.8,26.6,0.781,40.1,21.1,6.8,4.9,93.8
2007-08,1610612747,Los Angeles Lakers,57,25,39.6,83.1,0.476,8.1,21.4,0.378,21.3,27.7,0.769,44.1,24.4,8.0,5.3,108.6
2007-08,1610612763,Memphis Grizzlies,22,60,37.3,82.2,0.454,7.6,21.7,0.349,18.5,25.6,0.723,41.6,19.2,6.1,4.7,100.7
2007-08,1610612748,Miami Heat,15,67,34.2,77.3,0.443,6.0,16.7,0.358,16.9,23.2,0.727,37.6,20.0,7.2,4.3,91.4
2007-08,1610612749,Milwaukee Bucks,26,56,36.9,82.3,0.449,5.5,16.0,0.344,17.7,24.1,0.733,41.7,21.5,6.6,4.4,97.0
2007-08,1610612750,Minnesota Timberwolves,22,60,37.5,83.1,0.451,5.4,15.4,0.35,15.2,20.6,0.736,41.4,19.9,7.5,3.7,95.6
2007-08,1610612751,New Jersey Nets,34,48,34.8,78.7,0.443,6.1,17.4,0.348,20.1,27.3,0.736,41.9,23.5,6.4,4.8,95.8
2007-08,1610612740,New Orleans Hornets,56,26,38.6,82.9,0.466,7.7,19.8,0.389,16.0,20.8,0.769,41.8,21.8,7.8,3.9,100.9
2007-08,1610612752,New York Knicks,23,59,36.2,82.4,0.439,6.0,17.7,0.337,18.6,25.5,0.727,42.5,18.7,6.4,2.6,96.9
2007-08,1610612753,Orlando Magic,52,30,37.3,78.6,0.474,9.8,25.3,0.386,20.1,27.9,0.721,42.0,20.8,6.3,4.1,104.5
2007-08,1610612755,Philadelphia 76ers,40,42,37.3,81.1,0.46,3.7,11.6,0.317,18.4,26.1,0.706,41.9,20.4,8.7,4.9,96.6
2007-08,1610612756,Phoenix Suns,55,27,41.4,82.7,0.5,8.5,21.5,0.393,18.9,24.1,0.783,41.5,26.7,6.5,6.3,110.1
2007-08,1610612757,Portland Trail Blazers,41,41,35.8,79.8,0.448,6.6,17.4,0.377,17.2,22.5,0.767,40.7,21.1,5.5,4.4,95.4
2007-08,1610612758,Sacramento Kings,38,44,37.1,80.0,0.464,6.2,16.7,0.373,22.1,27.7,0.798,40.1,19.1,7.9,4.1,102.5
2007-08,1610612759,San Antonio Spurs,56,26,35.8,78.3,0.457,7.2,19.6,0.369,16.5,21.6,0.761,41.3,21.0,6.4,4.1,95.4
2007-08,1610612760,Seattle SuperSonics,20,62,38.1,85.8,0.444,3.8,11.5,0.333,17.5,22.8,0.77,44.6,21.3,6.5,4.9,97.5
2007-08,1610612761,Toronto Raptors,41,41,38.4,82.0,0.468,7.0,17.8,0.392,16.4,20.2,0.812,40.1,23.8,7.0,4.1,100.2
2007-08,1610612762,Utah Jazz,54,28,40.0,80.4,0.497,5.0,13.4,0.372,21.3,28.0,0.759,40.9,26.4,8.7,4.3,106.2
2007-08,1610612764,Washington Wizards,43,39,36.4,81.6,0.446,7.0,19.7,0.356,19.0,24.3,0.782,41.6,19.6,7.7,4.8,98.8
2008-09,1610612737,Atlanta Hawks,47,35,36.0,78.7,0.458,7.3,19.9,0.366,18.7,25.4,0.737,40.0,20.2,7.4,4.6,98.1
2008-09,1610612738,Boston Celtics,62,20,37.5,77.2,0.486,6.6,16.5,0.397,19.4,25.3,0.765,42.1,22.7,7.6,4.7,100.9
2008-09,1610612766,Charlotte Bobcats,35,47,35.0,76.8,0.455,6.0,16.3,0.366,17.7,24.0,0.74,39.7,21.2,7.1,4.8,93.6
2008-09,1610612741,Chicago Bulls,41,41,38.1,83.5,0.457,6.0,15.8,0.381,19.9,25.0,0.796,42.1,21.1,7.5,5.5,102.2
2008-09,1610612739,Cleveland Cavaliers,66,16,36.9,78.7,0.468,8.0,20.4,0.393,18.6,24.5,0.757,42.2,20.3,7.2,5.3,100.3
2008-09,1610612742,Dallas Mavericks,50,32,38.1,82.6,0.462,7.0,19.9,0.35,18.5,22.6,0.819,42.7,21.7,7.2,5.2,101.7
2008-09,1610612743,Denver Nuggets,54,28,37.3,79.4,0.47,6.7,18.0,0.371,23.1,30.3,0.76,41.6,22.2,8.7,6.0,104.3
2008-09,1610612765,Detroit Pistons,39,43,36.4,80.0,0.454,4.6,13.2,0.349,16.9,22.5,0.751,41.4,20.6,6.0,4.6,94.2
2008-09,1610612744,Golden State Warriors,29,53,39.4,86.0,0.458,6.7,18.0,0.373,23.1,29.2,0.791,42.0,20.9,7.8,6.4,108.6
2008-09,1610612745,Houston Rockets,53,29,36.1,79.6,0.453,7.6,20.2,0.375,18.7,23.2,0.805,43.0,20.3,6.7,4.3,98.4
2008-09,1610612754,Indiana Pacers,36,46,39.3,86.3,0.455,8.0,21.0,0.378,18.6,23.0,0.807,43.7,21.6,7.0,5.3,105.1
2008-09,1610612746,Los Angeles Clippers,19,63,36.0,81.7,0.441,6.5,18.5,0.354,16.5,22.4,0.736,39.8,21.0,7.0,5.9,95.1
2008-09,1610612747,Los Angeles Lakers,65,17,40.3,85.1,0.474,6.7,18.5,0.361,19.6,25.5,0.77,43.9,23.3,8.8,5.1,106.9
2008-09,1610612763,Memphis Grizzlies,24,58,34.9,77.0,0.454,4.9,13.5,0.36,19.1,25.3,0.756,38.8,17.4,7.5,4.7,93.9
2008-09,1610612748,Miami Heat,43,39,37.0,81.0,0.457,7.1,19.9,0.357,17.2,22.8,0.754,39.5,20.4,7.9,5.5,98.3
2008-09,1610612749,Milwaukee Bucks,34,48,36.7,82.4,0.445,6.2,17.2,0.363,19.7,25.2,0.78,40.7,22.0,7.4,3.8,99.3
2008-09,1610612750,Minnesota Timberwolves,24,58,36.4,82.5,0.441,6.6,18.8,0.353,18.3,23.9,0.769,41.7,20.4,6.2,3.9,97.8
2008-09,1610612751,New Jersey Nets,34,48,35.7,79.7,0.448,8.0,21.2,0.376,18.8,24.1,0.779,39.8,20.0,6.8,4.8,98.1
2008-09,1610612740,New Orleans Hornets,49,33,35.5,77.6,0.457,6.8,18.6,0.364,18.0,22.4,0.807,39.7,19.6,7.2,4.1,95.8
2008-09,1610612752,New York Knicks,32,50,38.5,86.5,0.445,10.0,27.9,0.36,18.2,23.2,0.784,42.1,21.2,7.4,2.5,105.2
2008-09,1610612760,Oklahoma City Thunder,23,59,36.6,81.9,0.447,4.0,11.6,0.346,19.8,25.2,0.786,42.6,20.3,7.4,4.5,97.0
2008-09,1610612753,Orlando Magic,59,23,35.7,78.2,0.457,10.0,26.2,0.381,19.6,27.5,0.715,43.3,19.4,7.0,5.4,101.0
2008-09,1610612755,Philadelphia 76ers,41,41,36.5,79.7,0.459,4.2,13.1,0.318,20.1,27.0,0.745,41.2,20.1,8.0,5.1,97.4
2008-09,1610612756,Phoenix Suns,46,36,41.1,81.6,0.504,6.7,17.6,0.383,20.4,27.5,0.744,41.7,23.2,7.2,5.1,109.4
2008-09,1610612757,Portland Trail Blazers,54,28,36.8,79.2,0.465,7.3,19.0,0.383,18.5,24.2,0.765,41.7,20.3,6.7,4.9,99.4
2008-09,1610612758,Sacramento Kings,17,65,36.5,81.5,0.447,7.1,19.4,0.368,20.5,25.7,0.798,39.1,19.7,6.9,4.3,100.6
2008-09,1610612759,San Antonio Spurs,54,28,37.1,79.7,0.466,7.6,19.8,0.386,15.2,20.0,0.761,41.0,21.2,5.8,4.0,97.0
2008-09,1610612761,Toronto Raptors,33,49,37.2,81.4,0.458,5.8,15.7,0.372,18.7,22.7,0.824,40.4,22.4,6.4,4.8,99.0
2008-09,1610612762,Utah Jazz,48,34,38.3,80.8,0.475,4.8,13.7,0.349,22.1,28.7,0.771,41.0,24.7,8.8,4.6,103.6
2008-09,1610612764,Washington Wizards,19,63,36.5,81.2,0.45,4.8,14.6,0.33,18.2,23.8,0.767,40.1,20.0,7.5,4.5,96.1
2009-10,1610612737,Atlanta Hawks,53,29,38.8,82.9,0.468,6.4,17.7,0.36,17.7,23.3,0.759,41.7,21.8,7.2,5.0,101.7
2009-10,1610612738,Boston Celtics,50,32,37.1,76.8,0.483,6.1,17.5,0.348,19.0,25.5,0.746,38.6,23.5,8.5,4.9,99.2
2009-10,1610612766,Charlotte Bobcats,44,38,34.9,76.9,0.453,5.6,16.2,0.346,20.0,26.6,0.751,40.8,20.2,7.7,5.4,95.3
2009-10,1610612741,Chicago Bulls,41,41,37.6,83.2,0.451,4.3,13.0,0.33,18.0,23.9,0.754,44.5,20.8,6.5,5.8,97.5
2009-10,1610612739,Cleveland Cavaliers,61,21,37.8,77.9,0.485,7.3,19.3,0.381,19.1,26.6,0.72,42.5,22.4,6.9,5.2,102.1
2009-10,1610612742,Dallas Mavericks,55,27,38.3,82.4,0.464,6.8,18.3,0.372,18.6,22.8,0.816,41.7,23.4,7.6,5.5,102.0
2009-10,1610612743,Denver Nuggets,53,29,38.1,81.4,0.468,6.6,18.5,0.359,23.6,30.6,0.772,41.4,21.0,8.3,5.1,106.5
2009-10,1610612765,Detroit Pistons,27,55,35.9,80.5,0.445,4.6,14.5,0.314,17.7,24.4,0.728,40.2,19.4,7.3,3.8,94.0
2009-10,1610612744,Golden State Warriors,26,56,40.6,86.5,0.469,7.7,20.6,0.375,19.9,25.4,0.782,38.4,22.4,9.3,4.1,108.8
2009-10,1610612745,Houston Rockets,42,40,37.7,84.4,0.447,7.9,22.4,0.351,19.0,24.7,0.772,42.0,21.8,7.1,3.9,102.4
2009-10,1610612754,Indiana Pacers,32,50,36.8,83.2,0.443,8.0,23.1,0.348,19.1,24.6,0.775,41.5,21.1,7.1,5.4,100.8
2009-10,1610612746,Los Angeles Clippers,29,53,36.6,80.5,0.455,5.9,17.8,0.332,16.6,22.8,0.73,41.8,22.1,6.5,5.7,95.7
2009-10,1610612747,Los Angeles Lakers,57,25,38.3,83.8,0.457,6.5,19.0,0.341,18.5,24.2,0.765,44.3,21.1,7.5,4.9,101.7
2009-10,1610612763,Memphis Grizzlies,40,42,39.3,83.8,0.469,4.2,12.4,0.337,19.7,26.9,0.733,43.5,18.8,7.9,4.9,102.5
2009-10,1610612748,Miami Heat,47,35,36.4,79.5,0.458,6.0,17.4,0.346,17.7,23.5,0.752,41.8,18.9,7.4,5.6,96.5
2009-10,1610612749,Milwaukee Bucks,46,36,37.2,85.3,0.436,7.9,22.1,0.356,15.4,20.4,0.755,43.0,21.2,7.1,4.7,97.7
2009-10,1610612750,Minnesota Timberwolves,15,67,37.9,84.4,0.449,4.9,14.4,0.341,17.5,23.5,0.746,42.9,19.8,7.3,3.7,98.2
2009-10,1610612751,New Jersey Nets,12,70,34.3,79.9,0.429,4.6,14.5,0.318,19.2,24.6,0.78,39.7,18.8,7.0,4.8,92.4
2009-10,1610612740,New Orleans Hornets,37,45,38.8,83.4,0.464,7.0,19.2,0.363,15.8,20.3,0.778,40.3,22.3,7.6,3.7,100.2
2009-10,1610612752,New York Knicks,29,53,38.1,83.9,0.455,9.1,26.2,0.346,16.8,21.5,0.782,40.4,21.6,7.1,3.7,102.1
2009-10,1610612760,Oklahoma City Thunder,50,32,37.4,80.8,0.462,5.1,15.0,0.34,21.7,27.0,0.805,43.5,20.0,8.0,5.9,101.5
2009-10,1610612753,Orlando Magic,59,23,36.6,78.0,0.47,10.3,27.3,0.375,19.2,26.5,0.724,43.2,19.7,6.2,5.6,102.8
2009-10,1610612755,Philadelphia 76ers,27,55,37.6,81.8,0.46,5.8,16.8,0.343,16.7,22.0,0.756,41.0,21.0,8.1,5.4,97.7
2009-10,1610612756,Phoenix Suns,54,28,40.7,82.8,0.492,8.9,21.6,0.412,19.9,25.8,0.77,43.0,23.3,5.8,5.1,110.2
2009-10,1610612757,Portland Trail Blazers,50,32,36.3,78.7,0.461,6.0,16.9,0.354,19.6,24.8,0.79,40.2,20.4,6.4,4.3,98.1
2009-10,1610612758,Sacramento Kings,25,57,38.3,84.1,0.456,5.9,16.9,0.349,17.4,24.0,0.726,42.6,20.5,6.9,4.5,100.0
2009-10,1610612759,San Antonio Spurs,50,32,38.4,81.2,0.473,6.8,18.9,0.358,17.8,24.0,0.74,42.8,22.3,6.3,4.6,101.4
2009-10,1610612761,Toronto Raptors,40,42,39.0,80.9,0.482,6.3,17.0,0.371,19.7,25.8,0.764,40.4,22.0,5.7,4.7,104.1
2009-10,1610612762,Utah Jazz,53,29,39.4,80.2,0.491,5.4,14.7,0.364,20.2,27.2,0.741,42.2,26.7,8.2,4.9,104.2
2009-10,1610612764,Washington Wizards,26,56,36.7,81.7,0.449,5.3,14.9,0.353,17.6,23.1,0.762,41.8,19.0,6.0,5.1,96.2
2010-11,1610612737,Atlanta Hawks,44,38,36.2,78.4,0.462,6.1,17.4,0.352,16.4,21.1,0.779,39.3,22.0,6.1,4.2,95.0
2010-11,1610612738,Boston Celtics,56,26,36.9,75.8,0.486,5.0,13.6,0.365,17.8,23.1,0.77,38.8,23.4,8.2,4.2,96.5
2010-11,1610612766,Charlotte Bobcats,34,48,35.0,77.6,0.451,4.8,14.7,0.327,18.4,24.4,0.756,40.1,21.1,6.4,5.3,93.3
2010-11,1610612741,Chicago Bulls,62,20,37.1,80.3,0.462,6.2,17.3,0.361,18.2,24.5,0.743,44.2,22.3,7.2,5.7,98.6
2010-11,1610612739,Cleveland Cavaliers,19,63,35.2,81.1,0.434,6.2,18.2,0.342,18.9,25.3,0.745,40.3,21.0,6.6,4.2,95.5
2010-11,1610612742,Dallas Mavericks,57,25,37.4,78.8,0.475,7.9,21.6,0.365,17.5,22.6,0.777,41.4,23.8,6.8,4.3,100.2
2010-11,1610612743,Denver Nuggets,50,32,38.4,80.6,0.476,8.1,20.8,0.388,22.7,29.6,0.765,42.0,22.1,7.4,4.3,107.5
2010-11,1610612765,Detroit Pistons,30,52,37.3,81.1,0.46,5.8,15.3,0.376,16.7,22.6,0.737,38.6,21.1,7.3,4.0,97.0
2010-11,1610612744,Golden State Warriors,36,46,39.6,85.9,0.461,8.4,21.3,0.392,15.7,20.7,0.761,40.5,22.5,9.0,5.0,103.4
2010-11,1610612745,Houston Rockets,43,39,38.7,85.1,0.454,8.3,22.5,0.367,20.3,25.4,0.801,42.8,23.8,7.1,4.5,105.9
2010-11,1610612754,Indiana Pacers,37,45,36.6,82.8,0.442,7.1,20.2,0.354,19.4,24.8,0.782,43.5,19.6,7.1,5.6,99.8
2010-11,1610612746,Los Angeles Clippers,32,50,36.8,80.4,0.457,6.3,18.5,0.338,18.9,26.7,0.707,42.1,22.1,7.1,4.9,98.6
2010-11,1610612747,Los Angeles Lakers,57,25,38.1,82.4,0.463,6.4,18.1,0.352,18.8,24.1,0.779,44.0,22.0,7.3,5.1,101.5
2010-11,1610612763,Memphis Grizzlies,46,36,39.0,82.9,0.471,3.8,11.3,0.334,18.1,24.2,0.75,41.0,20.6,9.4,5.4,99.9
2010-11,1610612748,Miami Heat,58,24,37.0,76.8,0.481,6.7,18.0,0.37,21.5,27.9,0.769,42.1,20.0,6.6,5.2,102.1
2010-11,1610612749,Milwaukee Bucks,35,47,34.3,79.8,0.43,5.9,17.2,0.342,17.4,22.9,0.757,40.8,18.8,7.5,4.9,91.9
2010-11,1610612750,Minnesota Timberwolves,17,65,37.7,85.5,0.441,7.2,19.1,0.376,18.5,24.1,0.768,44.4,20.1,7.2,5.1,101.1
2010-11,1610612751,New Jersey Nets,24,58,35.6,81.0,0.44,5.6,16.3,0.343,17.4,22.9,0.759,40.8,21.0,5.6,4.7,94.2
2010-11,1610612740,New Orleans Hornets,46,36,35.9,78.2,0.459,5.4,15.0,0.36,17.7,23.1,0.765,40.1,20.6,7.6,4.4,94.9
2010-11,1610612752,New York Knicks,42,40,38.3,83.7,0.457,9.3,25.4,0.368,20.6,25.5,0.809,40.5,21.4,7.6,5.8,106.5
2010-11,1610612760,Oklahoma City Thunder,55,27,37.4,80.6,0.464,5.9,17.1,0.347,24.1,29.3,0.823,42.8,20.4,8.0,5.9,104.8
2010-11,1610612753,Orlando Magic,52,30,36.0,78.2,0.461,9.4,25.6,0.366,17.7,25.6,0.692,43.2,20.0,6.7,4.7,99.2
2010-11,1610612755,Philadelphia 76ers,41,41,38.1,82.6,0.461,5.4,15.2,0.355,17.4,22.6,0.77,41.8,22.7,7.6,4.3,99.0
2010-11,1610612756,Phoenix Suns,40,42,39.3,83.5,0.47,8.5,22.6,0.377,18.0,23.6,0.759,40.2,23.7,6.6,4.4,105.0
2010-11,1610612757,Portland Trail Blazers,48,34,36.0,80.5,0.447,6.3,18.3,0.345,18.0,22.4,0.804,39.3,21.2,8.0,4.4,96.3
2010-11,1610612758,Sacramento Kings,24,58,38.2,85.1,0.449,5.2,15.6,0.335,17.7,24.2,0.734,43.9,20.4,7.4,4.8,99.4
2010-11,1610612759,San Antonio Spurs,61,21,38.4,80.8,0.475,8.4,21.1,0.397,18.5,24.2,0.767,41.9,22.4,7.3,4.5,103.7
2010-11,1610612761,Toronto Raptors,22,60,38.3,82.4,0.465,4.2,13.3,0.316,18.2,24.1,0.755,40.3,21.9,7.1,4.3,99.1
2010-11,1610612762,Utah Jazz,39,43,37.4,80.4,0.465,5.3,15.3,0.346,19.4,25.1,0.771,39.5,23.4,7.7,5.9,99.4
2010-11,1610612764,Washington Wizards,23,59,37.2,84.0,0.443,4.8,14.4,0.332,18.2,24.4,0.745,41.3,19.4,8.1,6.1,97.3
2011-12,1610612737,Atlanta Hawks,40,26,36.8,81.0,0.454,7.5,20.2,0.37,15.5,21.0,0.74,41.2,22.4,8.1,4.6,96.6
2011-12,1610612738,Boston Celtics,39,27,35.5,77.1,0.46,5.5,15.0,0.367,15.4,19.8,0.778,38.8,23.6,7.5,5.5,91.8
2011-12,1610612766,Charlotte Bobcats,7,59,33.2,80.2,0.414,4.0,13.5,0.295,16.5,22.2,0.746,39.0,20.1,6.0,5.5,87.0
2011-12,1610612741,Chicago Bulls,50,16,37.4,82.8,0.452,6.3,16.9,0.375,15.2,21.1,0.722,46.7,23.1,6.9,5.9,96.3
2011-12,1610612739,Cleveland Cavaliers,21,45,34.3,81.2,0.422,6.7,19.3,0.346,17.8,24.9,0.716,42.3,19.8,7.1,4.0,93.0
2011-12,1610612742,Dallas Mavericks,36,30,36.3,82.0,0.443,7.5,22.2,0.339,15.6,20.2,0.771,42.8,20.9,8.6,5.1,95.8
2011-12,1610612743,Denver Nuggets,38,28,39.0,81.9,0.476,6.6,19.9,0.332,19.6,26.7,0.735,43.1,24.0,8.2,5.0,104.1
2011-12,1610612765,Detroit Pistons,25,41,34.7,79.3,0.438,4.8,13.9,0.346,16.6,22.1,0.752,40.3,18.7,7.0,4.2,90.9
2011-12,1610612744,Golden State Warriors,23,43,37.7,82.5,0.457,7.9,20.5,0.388,14.4,18.7,0.77,39.2,22.3,8.0,5.5,97.8
2011-12,1610612745,Houston Rockets,34,32,37.7,84.0,0.449,7.2,20.2,0.359,15.4,19.7,0.782,42.2,21.3,7.5,4.8,98.1
2011-12,1610612754,Indiana Pacers,42,24,35.7,81.4,0.438,5.9,16.1,0.368,20.4,26.1,0.782,43.9,18.6,7.9,5.4,97.7
2011-12,1610612746,Los Angeles Clippers,40,26,37.0,81.3,0.455,7.8,21.8,0.357,15.8,23.3,0.68,41.6,21.0,8.4,4.8,97.5
2011-12,1610612747,Los Angeles Lakers,41,25,36.8,80.6,0.457,5.5,16.8,0.326,18.2,24.1,0.756,46.2,22.5,5.9,5.3,97.3
2011-12,1610612763,Memphis Grizzlies,41,25,36.7,82.2,0.447,4.2,12.9,0.326,17.3,22.8,0.759,42.0,19.5,9.6,5.2,95.0
2011-12,1610612748,Miami Heat,46,20,37.1,79.0,0.469,5.6,15.6,0.359,18.8,24.2,0.775,41.6,20.0,8.9,5.4,98.5
2011-12,1610612749,Milwaukee Bucks,31,35,37.9,85.6,0.443,6.6,19.2,0.345,16.6,21.4,0.774,42.5,23.5,8.3,5.1,99.0
2011-12,1610612750,Minnesota Timberwolves,26,40,35.7,82.3,0.433,7.2,21.6,0.332,19.4,25.2,0.771,43.7,19.5,6.6,4.4,97.9
2011-12,1610612751,New Jersey Nets,22,44,34.3,80.6,0.425,7.7,22.4,0.342,16.9,21.7,0.777,40.3,19.9,7.5,3.9,93.1
2011-12,1610612740,New Orleans Hornets,21,45,34.8,77.3,0.451,3.9,11.8,0.333,16.0,21.2,0.757,41.1,20.7,7.4,4.8,89.6
2011-12,1610612752,New York Knicks,36,30,35.8,80.8,0.443,7.8,23.3,0.336,18.3,24.8,0.741,41.7,20.1,9.4,4.2,97.8
2011-12,1610612760,Oklahoma City Thunder,47,19,37.3,79.2,0.471,7.2,20.0,0.358,21.3,26.4,0.806,43.7,18.5,7.5,8.2,103.1
2011-12,1610612753,Orlando Magic,37,29,34.5,78.2,0.441,10.2,27.0,0.375,15.1,22.8,0.66,42.5,20.0,6.8,4.2,94.2
2011-12,1610612755,Philadelphia 76ers,35,31,37.4,83.6,0.448,5.3,14.6,0.362,13.5,18.2,0.742,43.2,22.0,8.0,5.2,93.6
2011-12,1610612756,Phoenix Suns,33,33,37.8,82.5,0.458,6.7,19.6,0.343,16.0,21.2,0.757,41.7,22.5,6.5,5.5,98.4
2011-12,1610612757,Portland Trail Blazers,28,38,36.4,82.1,0.443,7.2,20.9,0.346,17.2,21.6,0.796,40.7,20.4,8.0,4.9,97.2
2011-12,1610612758,Sacramento Kings,22,44,37.7,86.5,0.436,6.2,19.7,0.316,17.1,23.2,0.736,42.9,19.3,8.5,4.9,98.8
2011-12,1610612759,San Antonio Spurs,50,16,39.6,82.8,0.478,8.4,21.3,0.393,16.2,21.6,0.748,43.0,23.2,7.4,4.4,103.7
2011-12,1610612761,Toronto Raptors,23,43,34.4,78.1,0.44,5.5,16.3,0.34,16.4,21.4,0.77,42.0,20.9,6.5,4.9,90.7
2011-12,1610612762,Utah Jazz,36,30,38.2,83.8,0.456,4.1,12.8,0.323,19.1,25.3,0.754,44.2,21.8,8.3,5.8,99.7
2011-12,1610612764,Washington Wizards,20,46,36.6,83.0,0.441,5.2,16.3,0.32,15.3,21.0,0.727,41.7,19.1,8.0,6.3,93.6
2012-13,1610612737,Atlanta Hawks,44,38,37.6,81.0,0.464,8.6,23.2,0.371,14.1,19.7,0.715,40.9,24.5,8.1,4.5,98.0
2012-13,1610612738,Boston Celtics,41,40,37.0,79.7,0.465,6.1,17.2,0.358,16.3,21.0,0.776,39.3,22.8,8.2,4.5,96.5
2012-13,1610612751,Brooklyn Nets,49,33,35.9,79.8,0.45,7.7,21.5,0.357,17.5,23.9,0.731,42.8,20.3,7.3,4.8,96.9
2012-13,1610612766,Charlotte Bobcats,21,61,34.4,81.1,0.425,5.7,17.1,0.335,18.9,25.1,0.75,40.3,19.4,7.2,5.8,93.4
2012-13,1610612741,Chicago Bulls,45,37,35.7,81.7,0.437,5.4,15.4,0.353,16.4,21.2,0.773,43.2,23.0,7.2,5.1,93.2
2012-13,1610612739,Cleveland Cavaliers,24,58,36.5,84.2,0.434,6.7,19.3,0.346,16.8,22.3,0.756,41.0,20.7,7.9,4.1,96.5
2012-13,1610612742,Dallas Mavericks,41,41,38.8,84.0,0.462,7.4,19.9,0.372,16.1,20.4,0.793,41.9,23.2,7.9,5.5,101.1
2012-13,1610612743,Denver Nuggets,57,25,40.7,85.2,0.478,6.4,18.5,0.343,18.4,26.2,0.701,45.0,24.4,9.3,6.5,106.1
2012-13,1610612765,Detroit Pistons,29,53,36.3,81.0,0.449,6.3,17.6,0.356,15.9,22.8,0.699,42.1,21.2,7.0,4.9,94.9
2012-13,1610612744,Golden State Warriors,47,35,38.2,83.4,0.458,8.0,19.9,0.403,16.8,21.3,0.79,45.0,22.5,6.9,4.2,101.2
2012-13,1610612745,Houston Rockets,45,37,38.1,82.7,0.461,10.6,28.9,0.366,19.2,25.5,0.754,43.4,23.2,8.3,4.4,106.0
2012-13,1610612754,Indiana Pacers,49,32,35.1,80.6,0.436,6.9,19.7,0.347,17.6,23.6,0.746,45.9,20.3,7.2,6.3,94.7
2012-13,1610612746,Los Angeles Clippers,56,26,38.5,80.6,0.478,7.6,21.4,0.358,16.4,23.0,0.711,41.6,23.9,9.6,5.6,101.1
2012-13,1610612747,Los Angeles Lakers,45,37,37.1,81.0,0.458,8.7,24.6,0.355,19.3,27.9,0.692,44.8,22.2,7.0,5.2,102.2
2012-13,1610612763,Memphis Grizzlies,56,26,36.1,81.5,0.444,4.7,13.5,0.345,16.5,21.3,0.773,42.7,20.9,8.6,5.3,93.4
2012-13,1610612748,Miami Heat,66,16,38.4,77.4,0.496,8.7,22.1,0.396,17.4,23.0,0.754,38.6,23.0,8.7,5.4,102.9
2012-13,1610612749,Milwaukee Bucks,38,44,38.1,87.8,0.435,7.3,20.4,0.36,15.3,20.7,0.736,44.0,22.9,8.4,6.7,98.9
2012-13,1610612750,Minnesota Timberwolves,31,51,35.9,81.7,0.439,5.5,18.0,0.305,18.5,24.9,0.742,42.0,22.4,8.5,4.7,95.7
2012-13,1610612740,New Orleans Hornets,27,55,36.0,80.4,0.448,6.5,18.0,0.363,15.5,20.0,0.776,41.6,21.0,6.3,5.4,94.1
2012-13,1610612752,New York Knicks,54,28,36.5,81.6,0.448,10.9,28.9,0.376,16.0,21.1,0.759,40.6,19.3,8.2,3.6,100.0
2012-13,1610612760,Oklahoma City Thunder,60,22,38.1,79.3,0.481,7.3,19.4,0.377,22.2,26.8,0.828,43.6,21.4,8.3,7.6,105.7
2012-13,1610612753,Orlando Magic,20,62,37.7,84.2,0.448,6.2,18.7,0.329,12.5,16.6,0.755,42.7,22.8,6.4,4.4,94.1
2012-13,1610612755,Philadelphia 76ers,34,48,37.3,84.1,0.444,6.3,17.5,0.36,12.2,16.8,0.729,41.3,22.8,7.4,4.7,93.2
2012-13,1610612756,Phoenix Suns,25,57,37.3,84.4,0.443,5.9,17.7,0.33,14.7,19.7,0.744,41.6,22.6,8.0,5.3,95.2
2012-13,1610612757,Portland Trail Blazers,33,49,36.7,81.9,0.448,8.2,23.2,0.353,15.9,20.5,0.776,40.8,21.8,6.6,4.3,97.5
2012-13,1610612758,Sacramento Kings,28,54,37.6,84.2,0.447,7.4,20.5,0.363,17.5,22.8,0.769,40.6,20.8,8.2,4.2,100.2
2012-13,1610612759,San Antonio Spurs,58,24,39.1,81.4,0.481,8.1,21.5,0.376,16.6,21.0,0.791,41.3,25.1,8.5,5.4,103.0
2012-13,1610612761,Toronto Raptors,34,48,36.3,81.5,0.446,7.0,20.3,0.343,17.6,22.3,0.788,40.2,21.5,7.3,4.8,97.2
2012-13,1610612762,Utah Jazz,43,39,37.1,81.8,0.454,6.2,16.9,0.366,17.5,23.0,0.764,42.0,22.7,8.4,6.3,98.0
2012-13,1610612764,Washington Wizards,29,53,35.5,81.6,0.435,6.6,18.2,0.365,15.6,21.3,0.733,43.2,21.6,7.3,4.6,93.2
2013-14,1610612737,Atlanta Hawks,38,44,37.3,81.6,0.458,9.4,25.8,0.363,17.0,21.7,0.781,40.0,24.9,8.3,4.0,101.0
2013-14,1610612738,Boston Celtics,25,57,36.5,83.9,0.435,7.0,21.1,0.333,16.2,20.8,0.777,42.5,21.0,7.1,4.2,96.2
2013-14,1610612751,Brooklyn Nets,44,38,35.7,77.9,0.459,8.6,23.4,0.369,18.4,24.4,0.753,38.1,20.9,8.6,3.8,98.5
2013-14,1610612766,Charlotte Bobcats,43,39,36.3,82.1,0.442,6.3,17.9,0.351,18.0,24.4,0.737,42.7,21.7,6.1,5.1,96.9
2013-14,1610612741,Chicago Bulls,48,34,34.7,80.2,0.432,6.2,17.8,0.348,18.1,23.3,0.779,44.1,22.7,7.2,5.2,93.7
2013-14,1610612739,Cleveland Cavaliers,33,49,37.0,84.8,0.437,7.1,20.0,0.356,17.0,22.7,0.751,44.1,21.2,7.1,3.7,98.2
2013-14,1610612742,Dallas Mavericks,49,33,39.6,83.6,0.474,8.8,22.9,0.384,16.8,21.1,0.795,40.9,23.6,8.6,4.3,104.8
2013-14,1610612743,Denver Nuggets,36,46,38.4,85.9,0.447,8.6,23.9,0.358,19.1,26.3,0.726,45.4,22.4,7.5,5.6,104.4
2013-14,1610612765,Detroit Pistons,29,53,38.8,86.9,0.447,6.2,19.3,0.321,17.3,25.7,0.67,45.4,20.9,8.4,4.8,101.0
2013-14,1610612744,Golden State Warriors,51,31,39.5,85.4,0.462,9.4,24.8,0.38,15.9,21.1,0.753,45.3,23.3,7.8,5.0,104.3
2013-14,1610612745,Houston Rockets,54,28,38.0,80.5,0.472,9.5,26.6,0.358,22.1,31.1,0.712,45.3,21.4,7.6,5.6,107.7
2013-14,1610612754,Indiana Pacers,56,26,36.0,80.2,0.449,6.7,18.8,0.357,18.1,23.3,0.779,44.7,20.1,6.7,5.4,96.7
2013-14,1610612746,Los Angeles Clippers,57,25,39.1,82.5,0.474,8.5,24.0,0.352,21.2,29.1,0.73,43.0,24.6,8.6,4.8,107.9
2013-14,1610612747,Los Angeles Lakers,27,55,38.3,85.1,0.45,9.4,24.8,0.381,17.0,22.4,0.757,41.0,24.5,7.5,5.4,103.0
2013-14,1610612763,Memphis Grizzlies,50,32,38.1,82.0,0.464,4.9,14.0,0.353,15.1,20.3,0.741,42.4,21.9,7.7,4.6,96.1
2013-14,1610612748,Miami Heat,54,28,38.3,76.5,0.501,8.1,22.3,0.364,17.5,23.0,0.76,36.9,22.5,8.9,4.5,102.2
2013-14,1610612749,Milwaukee Bucks,15,67,36.0,82.2,0.438,6.7,18.9,0.353,16.8,22.5,0.747,41.1,21.5,6.6,4.9,95.5
2013-14,1610612750,Minnesota Timberwolves,40,42,38.9,87.5,0.444,7.3,21.4,0.341,21.8,28.1,0.778,44.7,23.9,8.8,3.6,106.9
2013-14,1610612740,New Orleans Pelicans,34,48,37.8,82.5,0.459,5.9,15.9,0.373,18.2,23.6,0.769,41.7,21.3,7.9,6.4,99.7
2013-14,1610612752,New York Knicks,37,45,36.9,82.2,0.449,9.3,24.9,0.372,15.5,20.4,0.761,40.3,20.0,7.7,4.5,98.6
2013-14,1610612760,Oklahoma City Thunder,59,23,39.0,82.7,0.471,8.1,22.4,0.361,20.2,25.0,0.806,44.7,21.9,8.3,6.1,106.2
2013-14,1610612753,Orlando Magic,23,59,36.9,82.7,0.445,6.9,19.5,0.353,15.9,20.9,0.763,42.0,21.0,7.7,4.3,96.5
2013-14,1610612755,Philadelphia 76ers,19,63,37.9,87.2,0.435,7.0,22.5,0.312,16.6,23.4,0.71,42.7,21.8,9.3,4.0,99.5
2013-14,1610612756,Phoenix Suns,48,34,38.7,83.5,0.463,9.3,25.1,0.372,18.5,24.4,0.758,43.0,19.1,8.4,4.6,105.2
2013-14,1610612757,Portland Trail Blazers,54,28,39.1,87.0,0.45,9.4,25.3,0.372,19.1,23.5,0.815,46.4,23.2,5.5,4.7,106.7
2013-14,1610612758,Sacramento Kings,28,54,36.9,82.5,0.447,6.0,18.0,0.333,20.7,27.3,0.759,44.5,18.9,7.2,3.9,100.5
2013-14,1610612759,San Antonio Spurs,62,20,40.6,83.5,0.486,8.5,21.4,0.397,15.7,20.0,0.785,43.3,25.2,7.4,5.1,105.4
2013-14,1610612761,Toronto Raptors,48,34,36.5,81.9,0.445,8.7,23.4,0.372,19.6,25.1,0.782,42.5,21.2,7.0,4.2,101.3
2013-14,1610612762,Utah Jazz,25,57,36.0,81.1,0.444,6.6,19.2,0.344,16.4,22.0,0.747,41.2,20.3,7.0,4.5,95.0
2013-14,1610612764,Washington Wizards,44,38,38.7,84.4,0.459,7.9,20.8,0.38,15.3,20.9,0.731,42.2,23.3,8.1,4.6,100.7
2014-15,1610612737,Atlanta Hawks,60,22,38.1,81.7,0.466,10.0,26.2,0.38,16.5,21.2,0.778,40.6,25.7,9.1,4.6,102.5
2014-15,1610612738,Boston Celtics,40,42,38.9,87.9,0.443,8.0,24.6,0.327,15.4,20.5,0.754,43.8,24.5,8.2,3.6,101.4
2014-15,1610612751,Brooklyn Nets,38,44,37.4,83.0,0.451,6.6,19.9,0.331,16.6,22.2,0.748,42.4,20.9,7.0,4.1,98.0
2014-15,1610612766,Charlotte Hornets,33,49,35.5,84.5,0.42,6.1,19.1,0.318,17.0,22.8,0.748,44.1,20.2,6.1,5.5,94.2
2014-15,1610612741,Chicago Bulls,50,32,36.6,82.9,0.442,7.9,22.3,0.353,19.7,25.2,0.783,45.7,21.7,6.3,5.8,100.8
2014-15,1610612739,Cleveland Cavaliers,53,29,37.7,82.2,0.458,10.1,27.5,0.367,17.7,23.6,0.751,43.0,22.1,7.4,4.1,103.1
2014-15,1610612742,Dallas Mavericks,50,32,39.7,85.8,0.463,8.9,25.4,0.352,16.9,22.5,0.752,42.3,22.5,8.1,4.5,105.2
2014-15,1610612743,Denver Nuggets,30,52,37.8,87.3,0.433,8.0,24.8,0.325,17.8,24.3,0.734,44.7,21.8,7.8,4.5,101.5
2014-15,1610612765,Detroit Pistons,32,50,37.1,85.8,0.432,8.6,24.9,0.344,15.8,22.4,0.703,44.9,21.6,7.6,4.7,98.5
2014-15,1610612744,Golden State Warriors,67,15,41.6,87.0,0.478,10.8,27.0,0.398,16.0,20.8,0.768,44.7,27.4,9.3,6.0,110.0
2014-15,1610612745,Houston Rockets,56,26,37.0,83.3,0.444,11.4,32.7,0.348,18.6,26.0,0.715,43.7,22.2,9.5,5.0,103.9
2014-15,1610612754,Indiana Pacers,38,44,36.6,83.2,0.439,7.5,21.2,0.352,16.7,22.2,0.756,44.9,21.4,6.2,4.6,97.3
2014-15,1610612746,Los Angeles Clippers,56,26,39.4,83.3,0.473,10.1,26.9,0.376,17.9,25.2,0.71,42.6,24.8,7.8,5.0,106.7
2014-15,1610612747,Los Angeles Lakers,21,61,37.2,85.6,0.435,6.5,18.9,0.344,17.5,23.6,0.741,43.9,20.9,7.0,4.5,98.5
2014-15,1610612763,Memphis Grizzlies,55,27,37.8,82.5,0.458,5.2,15.2,0.339,17.6,22.8,0.773,42.6,21.7,8.5,4.2,98.3
2014-15,1610612748,Miami Heat,37,45,35.2,77.2,0.456,6.8,20.2,0.335,17.5,23.7,0.741,39.1,19.8,7.8,4.5,94.7
2014-15,1610612749,Milwaukee Bucks,41,41,37.6,82.0,0.459,6.6,18.3,0.363,16.0,21.1,0.757,42.1,23.6,9.6,4.9,97.8
2014-15,1610612750,Minnesota Timberwolves,16,66,36.4,83.2,0.438,5.0,14.9,0.332,20.0,25.7,0.776,40.9,21.6,8.1,4.0,97.8
2014-15,1610612740,New Orleans Pelicans,45,37,37.9,82.9,0.457,7.1,19.3,0.37,16.4,21.8,0.751,43.5,22.0,6.7,6.2,99.4
2014-15,1610612752,New York Knicks,17,65,35.1,82.0,0.428,6.8,19.7,0.347,14.8,19.2,0.769,40.4,21.3,7.0,4.7,91.9
2014-15,1610612760,Oklahoma City Thunder,45,37,38.8,86.8,0.447,7.7,22.7,0.339,18.6,24.6,0.754,47.5,20.5,7.3,5.5,104.0
2014-15,1610612753,Orlando Magic,25,57,37.5,82.8,0.453,6.8,19.5,0.347,13.9,19.1,0.729,41.8,20.6,7.9,3.8,95.7
2014-15,1610612755,Philadelphia 76ers,18,64,33.7,82.6,0.408,8.4,26.3,0.32,16.1,23.8,0.676,42.9,20.5,9.6,5.9,92.0
2014-15,1610612756,Phoenix Suns,39,43,38.8,85.8,0.452,8.5,25.0,0.341,16.4,21.5,0.76,43.2,20.2,8.5,4.7,102.4
2014-15,1610612757,Portland Trail Blazers,51,31,38.7,86.0,0.45,9.8,27.2,0.362,15.5,19.4,0.801,45.9,21.9,6.4,4.5,102.8
2014-15,1610612758,Sacramento Kings,29,53,36.7,80.7,0.455,5.6,16.5,0.341,22.3,29.3,0.762,44.2,20.3,6.7,4.0,101.3
2014-15,1610612759,San Antonio Spurs,55,27,39.1,83.6,0.468,8.3,22.5,0.367,16.7,21.4,0.78,43.6,24.4,8.0,5.4,103.2
2014-15,1610612761,Toronto Raptors,49,33,37.9,83.3,0.455,8.9,25.1,0.352,19.3,24.6,0.787,41.5,20.7,7.5,4.4,104.0
2014-15,1610612762,Utah Jazz,38,44,35.4,79.2,0.447,7.4,21.7,0.343,17.0,23.5,0.721,44.0,19.9,7.6,6.0,95.1
2014-15,1610612764,Washington Wizards,46,36,38.3,82.8,0.462,6.1,16.8,0.36,15.9,21.4,0.742,44.7,24.0,7.3,4.6,98.5
2015-16,1610612737,Atlanta Hawks,48,34,38.6,84.4,0.458,9.9,28.4,0.35,15.6,20.0,0.783,42.1,25.6,9.1,5.9,102.8
2015-16,1610612738,Boston Celtics,48,34,39.2,89.2,0.439,8.7,26.1,0.335,18.5,23.5,0.788,44.9,24.2,9.2,4.2,105.7
2015-16,1610612751,Brooklyn Nets,21,61,38.2,84.4,0.453,6.5,18.4,0.352,15.7,20.7,0.757,42.4,22.3,7.6,4.0,98.6
2015-16,1610612766,Charlotte Hornets,48,34,37.0,84.4,0.439,10.6,29.4,0.362,18.7,23.7,0.79,43.9,21.7,7.3,5.3,103.4
2015-16,1610612741,Chicago Bulls,42,40,38.6,87.4,0.441,7.9,21.4,0.371,16.5,21.0,0.787,46.3,22.8,6.0,5.7,101.6
2015-16,1610612739,Cleveland Cavaliers,57,25,38.7,84.0,0.46,10.7,29.6,0.362,16.3,21.7,0.748,44.5,22.7,6.7,3.9,104.3
2015-16,1610612742,Dallas Mavericks,42,40,37.4,84.1,0.444,9.8,28.6,0.344,17.7,22.3,0.794,43.1,22.1,6.8,3.7,102.3
2015-16,1610612743,Denver Nuggets,33,49,37.7,85.4,0.442,8.0,23.7,0.338,18.5,24.1,0.766,44.6,22.7,7.4,4.8,101.9
2015-16,1610612765,Detroit Pistons,44,38,37.9,86.4,0.439,9.0,26.2,0.345,17.1,25.5,0.668,46.3,19.4,7.0,3.7,102.0
2015-16,1610612744,Golden State Warriors,73,9,42.5,87.3,0.487,13.1,31.6,0.416,16.7,21.8,0.763,46.2,28.9,8.4,6.1,114.9
2015-16,1610612745,Houston Rockets,41,41,37.7,83.5,0.452,10.7,30.9,0.347,20.4,29.4,0.694,43.1,22.2,10.0,5.2,106.5
2015-16,1610612754,Indiana Pacers,45,37,38.3,85.2,0.45,8.1,23.0,0.351,17.4,22.8,0.764,44.2,21.2,9.0,4.8,102.2
2015-16,1610612746,LA Clippers,53,29,38.3,82.4,0.465,9.7,26.7,0.364,18.2,26.2,0.692,42.0,22.8,8.6,5.6,104.5
2015-16,1610612747,Los Angeles Lakers,17,65,35.1,84.8,0.414,7.8,24.6,0.317,19.3,24.7,0.781,43.0,18.0,7.2,4.1,97.3
2015-16,1610612763,Memphis Grizzlies,42,40,36.8,83.6,0.44,6.1,18.5,0.331,19.3,24.7,0.783,41.6,20.7,8.8,4.3,99.1
2015-16,1610612748,Miami Heat,48,34,38.4,81.7,0.47,6.1,18.0,0.336,17.1,23.0,0.744,44.1,20.8,6.7,6.5,100.0
2015-16,1610612749,Milwaukee Bucks,33,49,38.4,82.2,0.467,5.4,15.6,0.345,17.0,22.7,0.747,41.7,23.1,8.2,5.8,99.0
2015-16,1610612750,Minnesota Timberwolves,29,53,37.7,81.3,0.464,5.5,16.4,0.338,21.4,27.0,0.792,41.6,23.4,8.0,4.6,102.4
2015-16,1610612740,New Orleans Pelicans,30,52,38.5,85.9,0.448,8.6,23.8,0.36,17.3,22.2,0.776,42.6,22.2,7.7,4.2,102.7
2015-16,1610612752,New York Knicks,32,50,36.9,84.0,0.439,7.4,21.5,0.346,17.2,21.4,0.805,44.4,20.5,5.7,5.7,98.4
2015-16,1610612760,Oklahoma City Thunder,55,27,41.1,86.4,0.476,8.3,23.7,0.349,19.7,25.2,0.782,48.6,23.0,7.4,5.9,110.2
2015-16,1610612753,Orlando Magic,35,47,39.5,86.8,0.455,7.8,22.2,0.35,15.2,20.1,0.757,43.3,23.6,8.2,5.1,102.1
2015-16,1610612755,Philadelphia 76ers,10,72,36.2,84.0,0.431,9.3,27.5,0.339,15.7,22.6,0.694,41.2,21.5,8.3,6.0,97.4
2015-16,1610612756,Phoenix Suns,23,59,37.2,85.6,0.435,9.0,25.8,0.348,17.5,23.2,0.751,44.8,20.7,7.7,3.8,100.9
2015-16,1610612757,Portland Trail Blazers,44,38,38.6,85.9,0.45,10.5,28.5,0.37,17.4,23.0,0.754,45.5,21.3,6.9,4.6,105.1
2015-16,1610612758,Sacramento Kings,33,49,40.0,86.4,0.464,8.0,22.4,0.359,18.5,25.5,0.725,44.2,24.5,8.9,4.5,106.6
2015-16,1610612759,San Antonio Spurs,67,15,40.1,82.9,0.484,7.0,18.5,0.375,16.4,20.4,0.803,43.9,24.5,8.3,5.9,103.5
2015-16,1610612761,Toronto Raptors,56,26,36.7,81.3,0.451,8.6,23.4,0.37,20.8,26.7,0.777,43.4,18.7,7.8,5.5,102.7
2015-16,1610612762,Utah Jazz,40,42,36.1,80.4,0.449,8.5,23.9,0.355,17.1,23.0,0.744,43.2,19.0,7.7,5.2,97.7
2015-16,1610612764,Washington Wizards,41,41,39.5,85.8,0.46,8.6,24.2,0.358,16.5,22.5,0.73,41.8,24.5,8.6,3.9,104.1
2016-17,1610612737,Atlanta Hawks,43,39,38.1,84.4,0.451,8.9,26.1,0.341,18.1,24.9,0.728,44.3,23.6,8.2,4.8,103.2
2016-17,1610612738,Boston Celtics,53,29,38.6,85.1,0.454,12.0,33.4,0.359,18.7,23.2,0.807,42.0,25.2,7.5,4.1,108.0
2016-17,1610612751,Brooklyn Nets,20,62,37.8,85.2,0.444,10.7,31.6,0.338,19.4,24.6,0.788,43.9,21.4,7.2,4.7,105.8
2016-17,1610612766,Charlotte Hornets,36,46,37.7,85.4,0.442,10.0,28.6,0.351,19.4,23.8,0.815,43.6,23.1,7.0,4.8,104.9
2016-17,1610612741,Chicago Bulls,41,41,38.6,87.1,0.444,7.6,22.3,0.34,18.0,22.5,0.798,46.3,22.6,7.8,4.8,102.9
2016-17,1610612739,Cleveland Cavaliers,51,31,39.9,84.9,0.47,13.0,33.9,0.384,17.5,23.3,0.748,43.7,22.7,6.6,4.0,110.3
2016-17,1610612742,Dallas Mavericks,33,49,36.2,82.3,0.44,10.7,30.2,0.355,14.8,18.5,0.801,38.6,20.8,7.5,3.7,97.9
2016-17,1610612743,Denver Nuggets,40,42,41.2,87.7,0.469,10.6,28.8,0.368,18.7,24.2,0.774,46.4,25.3,6.9,3.9,111.7
2016-17,1610612765,Detroit Pistons,37,45,39.9,88.8,0.449,7.7,23.4,0.33,13.9,19.3,0.719,45.7,21.1,7.0,3.8,101.3
2016-17,1610612744,Golden State Warriors,67,15,43.1,87.1,0.495,12.0,31.2,0.383,17.8,22.6,0.788,44.4,30.4,9.6,6.8,115.9
2016-17,1610612745,Houston Rockets,55,27,40.3,87.2,0.462,14.4,40.3,0.357,20.3,26.5,0.766,44.4,25.2,8.2,4.3,115.3
2016-17,1610612754,Indiana Pacers,42,40,39.3,84.5,0.465,8.6,23.0,0.376,17.9,22.1,0.81,42.0,22.5,8.2,5.0,105.1
2016-17,1610612746,LA Clippers,51,31,39.5,83.2,0.475,10.3,27.4,0.375,19.3,26.0,0.745,43.0,22.5,7.5,4.2,108.7
2016-17,1610612747,Los Angeles Lakers,26,56,39.3,87.4,0.45,8.9,25.7,0.346,17.0,22.6,0.754,43.5,20.9,8.2,3.9,104.6
2016-17,1610612763,Memphis Grizzlies,43,39,36.4,83.6,0.435,9.4,26.5,0.354,18.3,23.4,0.784,42.8,21.3,8.0,4.2,100.5
2016-17,1610612748,Miami Heat,41,41,39.0,85.8,0.455,9.9,27.0,0.365,15.2,21.6,0.706,43.6,21.2,7.2,5.7,103.2
2016-17,1610612749,Milwaukee Bucks,42,40,38.8,81.9,0.474,8.8,23.7,0.37,17.2,22.4,0.768,40.4,24.2,8.1,5.3,103.6
2016-17,1610612750,Minnesota Timberwolves,31,51,39.5,84.4,0.467,7.3,21.0,0.349,19.3,24.2,0.799,42.4,23.7,8.0,4.5,105.6
2016-17,1610612740,New Orleans Pelicans,34,48,39.1,87.0,0.45,9.4,26.8,0.35,16.7,22.3,0.75,43.7,22.8,7.8,5.5,104.3
2016-17,1610612752,New York Knicks,31,51,39.6,88.5,0.447,8.6,24.7,0.348,16.6,21.1,0.788,45.2,21.8,7.1,5.5,104.3
2016-17,1610612760,Oklahoma City Thunder,47,35,39.5,87.4,0.452,8.4,25.8,0.327,19.2,25.8,0.745,46.6,21.0,7.9,5.0,106.6
2016-17,1610612753,Orlando Magic,29,53,38.3,87.0,0.44,8.5,26.1,0.328,16.0,21.4,0.747,43.2,22.2,7.1,4.8,101.1
2016-17,1610612755,Philadelphia 76ers,28,54,37.7,85.3,0.442,10.1,29.8,0.34,17.0,22.0,0.771,42.8,23.8,8.4,5.1,102.4
2016-17,1610612756,Phoenix Suns,24,58,39.9,88.5,0.45,7.5,22.6,0.332,20.4,26.3,0.776,45.0,19.6,8.2,4.9,107.7
2016-17,1610612757,Portland Trail Blazers,41,41,39.5,86.1,0.459,10.4,27.7,0.375,18.5,23.7,0.78,43.7,21.1,7.0,5.0,107.9
2016-17,1610612758,Sacramento Kings,32,50,37.9,82.1,0.461,9.0,23.9,0.376,18.1,23.3,0.775,41.1,22.5,7.6,4.0,102.8
2016-17,1610612759,San Antonio Spurs,61,21,39.3,83.7,0.469,9.2,23.5,0.391,17.6,22.0,0.797,43.9,23.8,8.0,5.9,105.3
2016-17,1610612761,Toronto Raptors,51,31,39.2,84.4,0.464,8.8,24.3,0.363,19.7,24.7,0.796,43.3,18.5,8.3,4.9,106.9
2016-17,1610612762,Utah Jazz,51,31,37.0,79.5,0.466,9.6,26.0,0.372,17.1,22.9,0.747,43.2,20.1,6.7,5.0,100.7
2016-17,1610612764,Washington Wizards,49,33,41.3,87.0,0.475,9.2,24.8,0.372,17.3,22.1,0.784,42.9,23.9,8.5,4.1,109.2
2017-18,1610612737,Atlanta Hawks,24,58,38.2,85.5,0.446,11.2,31.0,0.36,15.8,20.2,0.785,41.9,23.7,7.8,4.2,103.4
2017-18,1610612738,Boston Celtics,55,27,38.3,85.1,0.45,11.5,30.4,0.377,16.0,20.7,0.771,44.5,22.5,7.4,4.5,104.0
2017-18,1610612751,Brooklyn Nets,28,54,38.2,86.8,0.441,12.7,35.7,0.356,17.4,22.6,0.772,44.4,23.7,6.2,4.8,106.6
2017-18,1610612766,Charlotte Hornets,36,46,39.0,86.7,0.45,10.0,27.2,0.369,20.2,27.0,0.747,45.5,21.6,6.8,4.5,108.2
2017-18,1610612741,Chicago Bulls,27,55,38.7,88.8,0.435,11.0,31.1,0.355,14.6,19.2,0.759,44.7,23.5,7.6,3.5,102.9
2017-18,1610612739,Cleveland Cavaliers,50,32,40.4,84.8,0.476,12.0,32.1,0.372,18.1,23.3,0.779,42.1,23.4,7.1,3.8,110.9
2017-18,1610612742,Dallas Mavericks,24,58,38.1,85.9,0.444,11.8,32.8,0.36,14.2,18.7,0.763,41.3,22.7,7.0,3.8,102.3
2017-18,1610612743,Denver Nuggets,46,36,40.7,86.6,0.47,11.5,30.9,0.371,17.1,22.3,0.767,44.5,25.1,7.6,4.9,110.0
2017-18,1610612765,Detroit Pistons,39,43,39.1,86.9,0.45,10.8,28.9,0.373,14.7,19.8,0.745,43.7,22.8,7.7,3.9,103.8
2017-18,1610612744,Golden State Warriors,58,24,42.8,85.1,0.503,11.3,28.9,0.391,16.6,20.3,0.815,43.5,29.3,8.0,7.5,113.5
2017-18,1610612745,Houston Rockets,65,17,38.7,84.2,0.46,15.3,42.3,0.362,19.6,25.1,0.781,43.5,21.5,8.5,4.8,112.4
2017-18,1610612754,Indiana Pacers,48,34,40.8,86.4,0.472,9.0,24.5,0.369,14.9,19.2,0.779,42.3,22.2,8.8,4.1,105.6
2017-18,1610612746,LA Clippers,42,40,40.3,85.4,0.471,9.5,26.8,0.354,19.0,25.5,0.743,43.9,22.3,7.7,4.5,109.0
2017-18,1610612747,Los Angeles Lakers,35,47,40.7,88.4,0.461,10.0,29.1,0.345,16.6,23.3,0.714,46.4,23.8,7.7,4.7,108.1
2017-18,1610612763,Memphis Grizzlies,22,60,36.7,82.8,0.444,9.2,26.2,0.352,16.6,21.1,0.786,40.5,21.5,7.5,4.8,99.3
2017-18,1610612748,Miami Heat,44,38,38.8,85.3,0.455,11.0,30.6,0.36,14.7,19.5,0.755,43.5,22.7,7.6,5.3,103.4
2017-18,1610612749,Milwaukee Bucks,44,38,39.7,83.0,0.478,8.8,24.7,0.355,18.3,23.4,0.783,39.8,23.2,8.8,5.4,106.5
2017-18,1610612750,Minnesota Timberwolves,47,35,41.0,86.1,0.476,8.0,22.5,0.357,19.4,24.1,0.804,42.0,22.7,8.4,4.2,109.5
2017-18,1610612740,New Orleans Pelicans,48,34,42.7,88.3,0.483,10.2,28.2,0.362,16.1,20.9,0.772,44.3,26.8,8.0,5.9,111.7
2017-18,1610612752,New York Knicks,29,53,40.7,87.7,0.464,8.2,23.3,0.352,14.9,19.0,0.787,44.0,23.3,6.7,5.1,104.5
2017-18,1610612760,Oklahoma City Thunder,48,34,39.9,88.1,0.453,10.7,30.4,0.354,17.3,24.2,0.716,45.1,21.3,9.1,5.0,107.9
2017-18,1610612753,Orlando Magic,25,57,38.8,85.9,0.452,10.3,29.3,0.351,15.5,20.5,0.757,41.6,23.4,7.6,4.9,103.4
2017-18,1610612755,Philadelphia 76ers,52,30,40.8,86.6,0.472,11.0,29.8,0.369,17.1,22.8,0.752,47.4,27.1,8.3,5.1,109.8
2017-18,1610612756,Phoenix Suns,21,61,38.5,87.1,0.442,9.3,27.9,0.334,17.7,23.9,0.741,44.1,21.3,6.9,4.5,103.9
2017-18,1610612757,Portland Trail Blazers,49,33,39.3,87.0,0.452,10.3,28.1,0.366,16.7,20.9,0.8,45.5,19.5,7.0,5.2,105.6
2017-18,1610612758,Sacramento Kings,27,55,38.8,86.1,0.45,9.0,24.0,0.375,12.3,16.7,0.735,40.9,21.6,7.8,4.1,98.8
2017-18,1610612759,San Antonio Spurs,47,35,39.0,85.4,0.457,8.5,24.1,0.352,16.1,20.9,0.772,44.2,22.8,7.7,5.6,102.7
2017-18,1610612761,Toronto Raptors,59,23,41.3,87.4,0.472,11.8,33.0,0.358,17.3,21.8,0.794,44.0,24.3,7.6,6.1,111.7
2017-18,1610612762,Utah Jazz,48,34,38.3,82.9,0.462,10.8,29.6,0.366,16.8,21.5,0.779,43.3,22.4,8.6,5.1,104.1
2017-18,1610612764,Washington Wizards,43,39,39.9,85.6,0.467,9.9,26.5,0.375,16.8,21.8,0.772,43.1,25.2,7.9,4.3,106.6
2018-19,1610612737,Atlanta Hawks,29,53,41.4,91.8,0.451,13.0,37.0,0.352,17.6,23.4,0.752,46.1,25.8,8.2,5.1,113.3
2018-19,1610612738,Boston Celtics,49,33,42.1,90.5,0.465,12.6,34.5,0.365,15.6,19.5,0.802,44.5,26.3,8.6,5.3,112.4
2018-19,1610612751,Brooklyn Nets,42,40,40.3,89.7,0.449,12.8,36.2,0.353,19.0,25.5,0.745,46.6,23.8,6.6,4.1,112.2
2018-19,1610612766,Charlotte Hornets,39,43,40.2,89.8,0.448,11.9,33.9,0.351,18.4,23.1,0.797,43.8,23.2,7.2,4.9,110.7
2018-19,1610612741,Chicago Bulls,22,60,39.8,87.9,0.453,9.1,25.9,0.351,16.2,20.7,0.783,42.9,21.9,7.4,4.3,104.9
2018-19,1610612739,Cleveland Cavaliers,19,63,38.9,87.6,0.444,10.3,29.1,0.355,16.4,20.7,0.792,42.7,20.7,6.5,2.4,104.5
2018-19,1610612742,Dallas Mavericks,33,49,38.8,86.9,0.447,12.5,36.6,0.34,18.8,25.3,0.742,45.3,23.4,6.5,4.3,108.9
2018-19,1610612743,Denver Nuggets,54,28,41.9,90.0,0.466,11.0,31.4,0.351,15.8,20.9,0.755,46.4,27.4,7.7,4.4,110.7
2018-19,1610612765,Detroit Pistons,41,41,38.8,88.3,0.44,12.1,34.8,0.348,17.3,23.1,0.747,45.0,22.5,6.9,4.0,107.0
2018-19,1610612744,Golden State Warriors,57,25,44.0,89.8,0.491,13.3,34.4,0.385,16.3,20.4,0.801,46.2,29.4,7.6,6.4,117.7
2018-19,1610612745,Houston Rockets,53,29,39.2,87.4,0.449,16.1,45.4,0.356,19.3,24.4,0.791,42.1,21.2,8.5,4.9,113.9
2018-19,1610612754,Indiana Pacers,48,34,41.3,87.0,0.475,9.5,25.4,0.374,15.8,21.1,0.752,43.0,26.0,8.7,4.9,108.0
2018-19,1610612746,LA Clippers,48,34,41.3,87.5,0.471,10.0,25.8,0.388,22.6,28.5,0.792,45.5,24.0,6.8,4.7,115.1
2018-19,1610612747,Los Angeles Lakers,37,45,42.6,90.5,0.47,10.3,31.0,0.333,16.3,23.3,0.699,46.6,25.6,7.5,5.4,111.8
2018-19,1610612763,Memphis Grizzlies,33,49,38.0,84.4,0.45,9.9,28.9,0.342,17.7,23.0,0.772,41.8,23.9,8.3,5.5,103.5
2018-19,1610612748,Miami Heat,39,43,39.6,88.0,0.45,11.3,32.4,0.349,15.1,21.7,0.695,46.3,24.3,7.6,5.5,105.7
2018-19,1610612749,Milwaukee Bucks,60,22,43.4,91.1,0.476,13.5,38.2,0.353,17.9,23.2,0.773,49.7,26.0,7.5,5.9,118.1
2018-19,1610612750,Minnesota Timberwolves,36,46,41.6,91.3,0.456,10.1,28.7,0.351,19.1,24.3,0.787,44.8,24.6,8.3,5.0,112.5
2018-19,1610612740,New Orleans Pelicans,33,49,43.7,92.2,0.473,10.3,29.9,0.344,17.8,23.4,0.761,47.3,27.0,7.4,5.4,115.4
2018-19,1610612752,New York Knicks,17,65,38.2,88.3,0.433,10.0,29.5,0.34,18.1,23.9,0.759,44.7,20.1,6.8,5.1,104.6
2018-19,1610612760,Oklahoma City Thunder,49,33,42.6,94.0,0.454,11.4,32.6,0.348,17.8,25.0,0.713,48.1,23.4,9.3,5.2,114.5
2018-19,1610612753,Orlando Magic,42,40,40.4,89.1,0.454,11.4,32.1,0.356,15.0,19.2,0.782,45.4,25.5,6.6,5.4,107.3
2018-19,1610612755,Philadelphia 76ers,51,31,41.5,88.2,0.471,10.8,30.2,0.359,21.2,27.5,0.771,47.8,26.9,7.4,5.3,115.2
2018-19,1610612756,Phoenix Suns,19,63,40.1,87.4,0.459,9.6,29.3,0.329,17.6,22.7,0.779,40.4,23.9,9.0,5.1,107.5
2018-19,1610612757,Portland Trail Blazers,53,29,42.3,90.6,0.467,11.0,30.7,0.359,19.0,23.3,0.814,48.0,23.0,6.7,5.0,114.7
2018-19,1610612758,Sacramento Kings,39,43,43.2,93.1,0.464,11.3,29.9,0.378,16.5,22.7,0.726,45.4,25.4,8.3,4.4,114.2
2018-19,1610612759,San Antonio Spurs,48,34,42.3,88.4,0.478,9.9,25.3,0.392,17.2,21.0,0.819,44.7,24.5,6.1,4.7,111.7
2018-19,1610612761,Toronto Raptors,58,24,42.2,89.1,0.474,12.4,33.8,0.366,17.7,22.0,0.804,45.2,25.4,8.3,5.3,114.4
2018-19,1610612762,Utah Jazz,50,32,40.4,86.4,0.468,12.1,34.0,0.356,18.8,25.5,0.736,46.4,26.0,8.1,5.9,111.7
2018-19,1610612764,Washington Wizards,32,50,42.1,90.1,0.468,11.3,33.3,0.341,18.4,23.9,0.768,42.4,26.3,8.3,4.6,114.0
2019-20,1610612737,Atlanta Hawks,20,47,40.6,90.6,0.449,12.0,36.1,0.333,18.5,23.4,0.79,43.3,24.0,7.8,5.1,111.8
2019-20,1610612738,Boston Celtics,48,24,41.3,89.6,0.461,12.6,34.5,0.364,18.6,23.2,0.801,46.1,23.0,8.3,5.6,113.7
2019-20,1610612751,Brooklyn Nets,35,37,40.4,90.3,0.448,13.1,38.1,0.343,17.9,24.1,0.745,47.9,24.5,6.4,4.5,111.8
2019-20,1610612766,Charlotte Hornets,23,42,37.3,85.9,0.434,12.1,34.3,0.352,16.2,21.6,0.748,42.8,23.8,6.6,4.1,102.9
2019-20,1610612741,Chicago Bulls,22,43,39.6,88.6,0.447,12.2,35.1,0.348,15.5,20.5,0.755,41.9,23.2,10.0,4.1,106.8
2019-20,1610612739,Cleveland Cavaliers,19,46,40.3,87.9,0.458,11.2,31.8,0.351,15.1,19.9,0.758,44.2,23.1,6.9,3.2,106.9
2019-20,1610612742,Dallas Mavericks,43,32,41.7,90.3,0.461,15.1,41.3,0.367,18.6,23.8,0.779,46.9,24.7,6.1,4.8,117.0
2019-20,1610612743,Denver Nuggets,46,27,42.0,88.9,0.473,11.0,30.6,0.359,16.2,20.9,0.777,44.1,26.7,8.0,4.6,111.3
2019-20,1610612765,Detroit Pistons,20,46,39.3,85.7,0.459,12.0,32.7,0.367,16.6,22.4,0.743,41.7,24.1,7.4,4.5,107.2
2019-20,1610612744,Golden State Warriors,15,50,38.6,88.2,0.438,10.4,31.3,0.334,18.7,23.2,0.803,42.8,25.6,8.2,4.6,106.3
2019-20,1610612745,Houston Rockets,44,28,40.8,90.4,0.451,15.6,45.3,0.345,20.6,26.1,0.791,44.3,21.6,8.7,5.2,117.8
2019-20,1610612754,Indiana Pacers,45,28,42.1,88.5,0.476,10.2,28.0,0.363,15.0,19.1,0.787,42.8,25.9,7.4,5.2,109.4
2019-20,1610612746,LA Clippers,49,23,41.6,89.2,0.466,12.4,33.5,0.371,20.8,26.3,0.791,47.7,23.7,7.1,4.7,116.3
2019-20,1610612747,Los Angeles Lakers,52,19,42.3,88.3,0.48,11.0,31.6,0.349,17.7,24.3,0.729,45.7,25.4,8.6,6.6,113.4
2019-20,1610612763,Memphis Grizzlies,34,39,42.5,90.9,0.468,10.9,31.5,0.347,16.6,21.8,0.763,46.5,26.9,7.9,5.5,112.6
2019-20,1610612748,Miami Heat,44,29,39.5,84.4,0.468,13.4,35.4,0.379,19.7,25.2,0.783,44.4,25.9,7.5,4.5,112.0
2019-20,1610612749,Milwaukee Bucks,56,17,43.3,90.9,0.476,13.8,38.9,0.355,18.3,24.7,0.742,51.7,25.9,7.2,5.9,118.7
2019-20,1610612750,Minnesota Timberwolves,19,45,40.4,91.6,0.441,13.3,39.7,0.336,19.1,25.4,0.753,44.8,23.8,8.7,5.7,113.3
2019-20,1610612740,New Orleans Pelicans,30,42,42.6,91.6,0.465,13.6,36.9,0.37,17.1,23.4,0.729,46.5,26.8,7.5,5.0,115.8
2019-20,1610612752,New York Knicks,21,45,40.0,89.3,0.447,9.6,28.4,0.337,16.3,23.5,0.694,46.5,22.1,7.6,4.7,105.8
2019-20,1610612760,Oklahoma City Thunder,44,28,40.0,85.5,0.468,10.7,30.2,0.355,19.8,24.8,0.796,42.9,21.7,7.6,4.9,110.4
2019-20,1610612753,Orlando Magic,33,40,39.3,88.6,0.444,11.1,32.2,0.343,17.6,22.7,0.774,44.5,23.9,8.2,5.4,107.3
2019-20,1610612755,Philadelphia 76ers,43,30,41.1,87.9,0.468,11.6,31.6,0.368,16.9,22.4,0.755,45.4,25.8,8.0,5.3,110.7
2019-20,1610612756,Phoenix Suns,34,39,41.2,88.1,0.468,11.4,31.8,0.358,19.9,23.8,0.834,43.5,27.2,7.7,4.0,113.6
2019-20,1610612757,Portland Trail Blazers,35,39,42.2,91.2,0.463,12.9,34.1,0.377,17.7,22.1,0.804,45.3,20.6,6.3,6.1,115.0
2019-20,1610612758,Sacramento Kings,31,41,40.9,88.4,0.462,12.7,34.9,0.364,15.7,20.3,0.77,42.6,23.8,7.7,4.1,110.1
2019-20,1610612759,San Antonio Spurs,32,39,42.2,89.4,0.472,10.7,28.5,0.376,19.0,23.4,0.81,44.6,24.7,7.3,5.5,114.1
2019-20,1610612761,Toronto Raptors,53,19,40.2,87.9,0.458,13.8,37.0,0.374,18.5,23.2,0.796,45.4,25.2,8.8,5.0,112.8
2019-20,1610612762,Utah Jazz,44,28,40.1,85.1,0.471,13.4,35.2,0.38,17.8,22.8,0.779,44.9,22.4,6.1,4.1,111.3
2019-20,1610612764,Washington Wizards,25,47,41.5,90.9,0.457,12.0,32.6,0.368,19.4,24.6,0.788,42.0,25.0,8.0,4.3,114.4
2020-21,1610612737,Atlanta Hawks,41,31,40.8,87.2,0.468,12.4,33.4,0.373,19.7,24.2,0.812,45.6,24.1,7.0,4.8,113.7
2020-21,1610612738,Boston Celtics,36,36,41.5,88.9,0.466,13.6,36.4,0.374,16.1,20.8,0.775,44.3,23.5,7.7,5.3,112.6
2020-21,1610612751,Brooklyn Nets,48,24,43.1,87.3,0.494,14.2,36.1,0.392,18.1,22.5,0.804,44.4,26.8,6.7,5.3,118.6
2020-21,1610612766,Charlotte Hornets,33,39,39.9,87.8,0.455,13.7,37.0,0.369,15.9,20.9,0.761,43.8,26.8,7.8,4.8,109.5
2020-21,1610612741,Chicago Bulls,31,41,42.2,88.6,0.476,12.6,34.0,0.37,13.8,17.5,0.791,45.0,26.8,6.7,4.2,110.7
2020-21,1610612739,Cleveland Cavaliers,22,50,38.6,85.8,0.45,10.0,29.7,0.336,16.7,22.4,0.743,42.8,23.8,7.8,4.5,103.8
2020-21,1610612742,Dallas Mavericks,42,30,41.1,87.3,0.47,13.8,38.1,0.362,16.5,21.2,0.778,43.3,22.9,6.3,4.3,112.4
2020-21,1610612743,Denver Nuggets,47,25,43.3,89.2,0.485,12.9,34.2,0.377,15.7,19.5,0.803,44.4,26.8,8.1,4.5,115.1
2020-21,1610612765,Detroit Pistons,20,52,38.7,85.6,0.452,11.6,32.9,0.351,17.8,23.4,0.759,42.7,24.2,7.4,5.2,106.6
2020-21,1610612744,Golden State Warriors,39,33,41.3,88.2,0.468,14.6,38.7,0.376,16.6,21.1,0.785,43.0,27.7,8.2,4.8,113.7
2020-21,1610612745,Houston Rockets,17,55,39.3,88.5,0.444,13.8,40.6,0.339,16.5,22.3,0.74,42.6,23.6,7.6,5.0,108.8
2020-21,1610612754,Indiana Pacers,34,38,43.3,91.2,0.474,12.3,34.0,0.364,16.4,20.7,0.792,42.7,27.4,8.5,6.4,115.3
2020-21,1610612746,LA Clippers,47,25,41.8,86.7,0.482,14.3,34.7,0.411,16.2,19.3,0.839,44.2,24.4,7.1,4.1,114.0
2020-21,1610612747,Los Angeles Lakers,42,30,40.6,86.1,0.472,11.1,31.2,0.354,17.2,23.3,0.739,44.2,24.7,7.8,5.4,109.5
2020-21,1610612763,Memphis Grizzlies,38,34,42.8,91.8,0.467,11.2,31.4,0.356,16.4,21.3,0.771,46.5,26.9,9.1,5.1,113.3
2020-21,1610612748,Miami Heat,40,32,39.2,83.7,0.468,12.9,36.2,0.358,16.7,21.1,0.79,41.5,26.3,7.9,4.0,108.1
2020-21,1610612749,Milwaukee Bucks,46,26,44.7,91.8,0.487,14.4,37.1,0.389,16.2,21.4,0.76,48.1,25.5,8.1,4.6,120.1
2020-21,1610612750,Minnesota Timberwolves,23,49,40.7,90.9,0.448,13.1,37.6,0.349,17.6,23.1,0.761,43.5,25.6,8.8,5.5,112.1
2020-21,1610612740,New Orleans Pelicans,31,41,42.5,89.1,0.477,10.6,30.4,0.348,19.0,26.1,0.729,47.4,26.0,7.6,4.4,114.6
2020-21,1610612752,New York Knicks,41,31,39.4,86.5,0.456,11.8,30.0,0.392,16.4,20.9,0.784,45.1,21.4,7.0,5.1,107.0
2020-21,1610612760,Oklahoma City Thunder,22,50,38.8,88.0,0.441,11.9,35.1,0.339,15.5,21.3,0.725,45.6,22.1,7.0,4.4,105.0
2020-21,1610612753,Orlando Magic,21,51,38.3,89.2,0.429,10.9,31.8,0.343,16.6,21.4,0.775,45.4,21.8,6.9,4.4,104.0
2020-21,1610612755,Philadelphia 76ers,49,23,41.4,86.9,0.476,11.3,30.1,0.374,19.6,25.5,0.767,45.1,23.7,9.1,6.2,113.6
2020-21,1610612756,Phoenix Suns,51,21,43.3,88.3,0.49,13.1,34.6,0.378,15.6,18.7,0.834,42.9,26.9,7.2,4.3,115.3
2020-21,1610612757,Portland Trail Blazers,42,30,41.3,91.1,0.453,15.7,40.8,0.385,17.8,21.6,0.823,44.5,21.3,6.9,5.0,116.1
2020-21,1610612758,Sacramento Kings,31,41,42.6,88.6,0.481,12.1,33.3,0.364,16.4,22.0,0.745,41.4,25.5,7.5,5.0,113.7
2020-21,1610612759,San Antonio Spurs,33,39,41.9,90.5,0.462,9.9,28.4,0.35,17.4,22.0,0.792,43.9,24.4,7.0,5.1,111.1
2020-21,1610612761,Toronto Raptors,27,45,39.7,88.7,0.448,14.5,39.3,0.368,17.4,21.3,0.815,41.6,24.1,8.6,5.4,111.3
2020-21,1610612762,Utah Jazz,52,20,41.3,88.1,0.468,16.7,43.0,0.389,17.2,21.5,0.799,48.3,23.7,6.6,5.2,116.4
2020-21,1610612764,Washington Wizards,34,38,43.2,90.9,0.475,10.2,29.0,0.351,20.1,26.2,0.769,45.2,25.5,7.3,4.1,116.6
2021-22,1610612737,Atlanta Hawks,43,39,41.5,88.3,0.47,12.9,34.4,0.374,18.1,22.3,0.812,44.0,24.6,7.2,4.2,113.9
2021-22,1610612738,Boston Celtics,51,31,40.7,87.4,0.466,13.2,37.1,0.356,17.0,20.9,0.816,46.1,24.8,7.2,5.8,111.8
2021-22,1610612751,Brooklyn Nets,44,38,42.0,88.4,0.475,11.5,31.7,0.361,17.5,21.7,0.805,44.4,25.3,7.1,5.5,112.9
2021-22,1610612766,Charlotte Hornets,43,39,42.8,91.4,0.468,13.9,38.2,0.365,15.8,21.4,0.74,44.6,28.1,8.6,4.9,115.3
2021-22,1610612741,Chicago Bulls,46,36,41.7,86.9,0.48,10.6,28.8,0.369,17.5,21.5,0.813,42.3,23.9,7.1,4.1,111.6
2021-22,1610612739,Cleveland Cavaliers,44,38,39.7,84.6,0.469,11.6,32.8,0.355,16.8,22.1,0.76,44.2,25.2,7.1,4.2,107.8
2021-22,1610612742,Dallas Mavericks,52,30,39.3,85.1,0.461,13.1,37.4,0.35,16.4,21.2,0.771,43.0,23.4,6.7,4.0,108.0
2021-22,1610612743,Denver Nuggets,48,34,41.7,86.3,0.483,12.7,35.9,0.353,16.7,21.0,0.795,44.1,27.8,7.2,3.7,112.7
2021-22,1610612765,Detroit Pistons,23,59,38.2,88.6,0.431,11.3,34.6,0.326,17.2,22.0,0.782,43.0,23.5,7.7,4.8,104.8
2021-22,1610612744,Golden State Warriors,53,29,40.5,86.4,0.469,14.3,39.4,0.364,15.6,20.3,0.769,45.5,27.1,8.8,4.5,111.0
2021-22,1610612745,Houston Rockets,20,62,39.4,86.4,0.456,13.5,38.7,0.349,17.5,24.5,0.713,42.0,23.6,7.3,4.7,109.7
2021-22,1610612754,Indiana Pacers,25,57,41.4,89.5,0.463,12.2,35.4,0.344,16.4,21.4,0.768,43.9,25.4,7.1,5.6,111.5
2021-22,1610612746,LA Clippers,42,40,40.1,87.4,0.458,12.8,34.2,0.374,15.5,19.6,0.793,44.0,24.0,7.4,5.0,108.4
2021-22,1610612747,Los Angeles Lakers,33,49,41.6,88.8,0.469,12.0,34.5,0.347,16.8,23.0,0.732,44.0,24.0,7.6,5.2,112.1
2021-22,1610612763,Memphis Grizzlies,56,26,43.5,94.4,0.461,11.5,32.7,0.353,17.0,23.1,0.734,49.2,26.0,9.8,6.5,115.6
2021-22,1610612748,Miami Heat,53,29,39.6,84.8,0.467,13.6,35.8,0.379,17.3,21.4,0.808,43.7,25.5,7.4,3.2,110.0
2021-22,1610612749,Milwaukee Bucks,51,31,41.8,89.4,0.468,14.1,38.4,0.366,17.8,22.9,0.776,46.7,23.9,7.6,4.0,115.5
2021-22,1610612750,Minnesota Timberwolves,46,36,41.6,91.0,0.457,14.8,41.3,0.358,18.0,23.1,0.778,44.2,25.7,8.8,5.6,115.9
2021-22,1610612740,New Orleans Pelicans,36,46,40.2,88.0,0.457,10.6,32.1,0.332,18.3,23.2,0.789,45.2,25.0,8.3,4.0,109.3
2021-22,1610612752,New York Knicks,37,45,37.7,86.2,0.437,13.2,36.9,0.357,18.0,24.1,0.744,46.1,21.9,7.0,4.9,106.5
2021-22,1610612760,Oklahoma City Thunder,24,58,38.3,89.1,0.43,12.1,37.4,0.323,15.0,19.9,0.756,45.6,22.2,7.6,4.6,103.7
2021-22,1610612753,Orlando Magic,22,60,38.3,88.3,0.434,12.2,36.9,0.331,15.5,19.7,0.787,44.3,23.7,6.8,4.5,104.2
2021-22,1610612755,Philadelphia 76ers,51,31,39.4,84.5,0.466,11.6,31.8,0.364,19.6,23.8,0.821,42.3,23.7,7.7,5.3,109.9
2021-22,1610612756,Phoenix Suns,64,18,43.7,90.1,0.485,11.6,31.9,0.364,15.9,19.9,0.797,45.3,27.4,8.6,4.4,114.8
2021-22,1610612757,Portland Trail Blazers,27,55,38.5,87.1,0.442,12.7,36.8,0.346,16.4,21.6,0.76,42.9,22.9,8.0,4.5,106.2
2021-22,1610612758,Sacramento Kings,30,52,40.5,88.1,0.46,11.4,33.2,0.344,17.9,23.3,0.768,42.9,23.7,7.2,4.5,110.3
2021-22,1610612759,San Antonio Spurs,34,48,43.2,92.7,0.467,11.3,32.0,0.352,15.4,20.4,0.754,45.3,27.9,7.6,4.9,113.2
2021-22,1610612761,Toronto Raptors,48,34,40.6,91.3,0.445,11.9,34.2,0.349,16.2,21.3,0.759,45.3,22.1,9.0,4.6,109.4
2021-22,1610612762,Utah Jazz,49,33,40.6,86.2,0.471,14.5,40.3,0.36,17.9,23.4,0.767,46.3,22.4,7.2,4.9,113.6
2021-22,1610612764,Washington Wizards,35,47,40.6,86.0,0.472,10.5,30.6,0.342,17.0,21.7,0.783,43.1,25.0,6.4,5.0,108.6
2022-23,1610612737,Atlanta Hawks,41,41,44.6,92.4,0.483,10.8,30.5,0.352,18.5,22.6,0.818,44.4,25.0,7.1,4.9,118.4
2022-23,1610612738,Boston Celtics,57,25,42.2,88.8,0.475,16.0,42.6,0.377,17.5,21.6,0.812,45.3,26.7,6.4,5.2,117.9
2022-23,1610612751,Brooklyn Nets,45,37,41.5,85.1,0.487,12.8,33.8,0.378,17.7,22.1,0.8,40.5,25.5,7.1,6.2,113.4
2022-23,1610612766,Charlotte Hornets,27,55,41.3,90.4,0.457,10.7,32.5,0.33,17.6,23.6,0.749,44.5,25.1,7.7,5.2,111.0
2022-23,1610612741,Chicago Bulls,40,42,42.5,86.8,0.49,10.4,28.9,0.361,17.6,21.8,0.809,42.4,24.5,7.9,4.5,113.1
2022-23,1610612739,Cleveland Cavaliers,51,31,41.6,85.2,0.488,11.6,31.6,0.367,17.5,22.5,0.78,41.1,24.9,7.1,4.7,112.3
2022-23,1610612742,Dallas Mavericks,38,44,40.0,84.3,0.475,15.2,41.0,0.371,19.0,25.1,0.755,38.8,22.9,6.3,3.7,114.2
2022-23,1610612743,Denver Nuggets,53,29,43.6,86.4,0.504,11.8,31.2,0.379,16.8,22.4,0.751,43.0,28.9,7.5,4.5,115.8
2022-23,1610612765,Detroit Pistons,17,65,39.6,87.1,0.454,11.4,32.4,0.351,19.8,25.7,0.771,42.4,23.0,7.0,3.8,110.3
2022-23,1610612744,Golden State Warriors,44,38,43.1,90.2,0.479,16.6,43.2,0.385,16.0,20.2,0.794,44.6,29.8,7.2,4.0,118.9
2022-23,1610612745,Houston Rockets,22,60,40.6,88.9,0.457,10.4,31.9,0.327,19.1,25.3,0.754,46.3,22.4,7.3,4.6,110.7
2022-23,1610612754,Indiana Pacers,35,47,42.0,89.6,0.469,13.6,37.0,0.367,18.7,23.7,0.79,41.5,27.0,7.7,5.8,116.3
2022-23,1610612746,LA Clippers,44,38,41.1,86.1,0.477,12.7,33.3,0.381,18.7,23.9,0.781,43.2,23.9,7.1,4.4,113.6
2022-23,1610612747,Los Angeles Lakers,43,39,42.9,89.0,0.482,10.8,31.2,0.346,20.6,26.6,0.775,45.7,25.3,6.4,4.6,117.2
2022-23,1610612763,Memphis Grizzlies,51,31,43.7,92.1,0.475,12.0,34.2,0.351,17.5,23.8,0.733,46.6,26.0,8.3,5.8,116.9
2022-23,1610612748,Miami Heat,44,38,39.2,85.3,0.46,12.0,34.8,0.344,19.1,23.0,0.831,40.6,23.8,8.0,3.0,109.5
2022-23,1610612749,Milwaukee Bucks,58,24,42.7,90.4,0.473,14.8,40.3,0.368,16.6,22.4,0.743,48.6,25.8,6.4,4.9,116.9
2022-23,1610612750,Minnesota Timberwolves,42,40,42.9,87.4,0.49,12.2,33.3,0.365,17.9,23.7,0.755,41.9,26.2,8.0,5.4,115.8
2022-23,1610612740,New Orleans Pelicans,42,40,42.0,87.6,0.48,11.0,30.1,0.364,19.3,24.4,0.793,43.7,25.9,8.3,4.1,114.4
2022-23,1610612752,New York Knicks,47,35,42.0,89.4,0.47,12.6,35.7,0.354,19.4,25.5,0.761,46.6,22.9,6.4,4.1,116.0
2022-23,1610612760,Oklahoma City Thunder,40,42,43.1,92.6,0.465,12.1,34.1,0.356,19.2,23.7,0.809,43.7,24.4,8.2,4.2,117.5
2022-23,1610612753,Orlando Magic,34,48,40.5,86.3,0.47,10.8,31.1,0.346,19.6,25.0,0.784,43.2,23.2,7.4,4.7,111.4
2022-23,1610612755,Philadelphia 76ers,54,28,40.8,83.8,0.487,12.6,32.6,0.387,21.0,25.1,0.835,40.9,25.2,7.7,4.7,115.2
2022-23,1610612756,Phoenix Suns,45,37,42.1,90.1,0.467,12.2,32.6,0.374,17.2,21.7,0.793,44.2,27.3,7.1,5.3,113.6
2022-23,1610612757,Portland Trail Blazers,33,49,40.5,85.4,0.474,12.9,35.3,0.365,19.6,24.6,0.796,40.5,24.2,6.7,4.6,113.4
2022-23,1610612758,Sacramento Kings,48,34,43.6,88.2,0.494,13.8,37.3,0.369,19.8,25.1,0.79,42.5,27.3,7.0,3.4,120.7
2022-23,1610612759,San Antonio Spurs,22,60,43.1,92.6,0.465,11.1,32.2,0.345,15.8,21.2,0.743,43.7,27.2,7.0,3.9,113.0
2022-23,1610612761,Toronto Raptors,41,41,41.9,91.3,0.459,10.7,32.0,0.335,18.4,23.4,0.784,43.0,23.9,9.4,5.2,112.9
2022-23,1610612762,Utah Jazz,37,45,42.5,89.8,0.473,13.3,37.8,0.353,18.7,23.8,0.786,45.9,26.0,6.1,5.2,117.1
2022-23,1610612764,Washington Wizards,35,47,42.1,86.9,0.485,11.3,31.7,0.356,17.6,22.4,0.785,43.6,25.4,6.8,5.2,113.2
2023-24,1610612737,Atlanta Hawks,36,46,43.0,92.5,0.465,13.7,37.7,0.364,18.5,23.2,0.797,44.7,26.6,7.5,4.5,118.3
2023-24,1610612738,Boston Celtics,64,18,43.9,90.2,0.487,16.5,42.5,0.388,16.3,20.2,0.807,46.3,26.9,6.8,6.6,120.6
2023-24,1610612751,Brooklyn Nets,32,50,40.7,89.1,0.456,13.3,36.7,0.362,15.8,20.9,0.756,44.1,25.6,6.8,5.2,110.4
2023-24,1610612766,Charlotte Hornets,21,61,40.0,87.0,0.46,12.1,34.0,0.355,14.5,18.4,0.786,40.3,24.8,6.9,4.5,106.6
2023-24,1610612741,Chicago Bulls,39,43,42.0,89.5,0.47,11.5,32.1,0.358,16.7,21.1,0.791,43.8,25.0,7.8,4.8,112.3
2023-24,1610612739,Cleveland Cavaliers,48,34,41.8,87.2,0.479,13.5,36.8,0.367,15.6,20.4,0.765,43.3,28.0,7.4,4.6,112.6
2023-24,1610612742,Dallas Mavericks,50,32,43.1,89.7,0.481,14.6,39.5,0.369,17.0,22.5,0.758,42.9,25.7,6.9,5.0,117.9
2023-24,1610612743,Denver Nuggets,57,25,44.0,88.8,0.496,11.7,31.2,0.374,15.1,19.9,0.762,44.4,29.5,7.1,5.6,114.9
2023-24,1610612765,Detroit Pistons,14,68,40.9,88.2,0.463,11.0,31.7,0.348,17.0,21.7,0.785,43.3,25.5,6.5,4.7,109.9
2023-24,1610612744,Golden State Warriors,46,36,43.7,91.6,0.477,14.8,38.9,0.38,15.6,20.0,0.78,46.7,29.3,7.0,4.6,117.8
2023-24,1610612745,Houston Rockets,41,41,41.8,91.0,0.459,12.7,36.1,0.352,18.1,23.4,0.773,45.5,24.8,7.8,4.6,114.3
2023-24,1610612754,Indiana Pacers,47,35,47.0,92.7,0.507,13.2,35.3,0.374,16.1,20.5,0.782,41.5,30.8,7.7,5.9,123.3
2023-24,1610612746,LA Clippers,51,31,42.4,86.7,0.489,12.6,33.2,0.381,18.3,22.2,0.825,43.0,25.6,7.8,5.0,115.6
2023-24,1610612747,Los Angeles Lakers,47,35,43.7,87.5,0.499,11.8,31.4,0.377,18.9,24.2,0.782,43.1,28.5,7.4,5.5,118.0
2023-24,1610612763,Memphis Grizzlies,27,55,38.4,88.2,0.435,13.1,37.8,0.346,16.0,21.0,0.764,42.6,24.7,8.2,6.1,105.8
2023-24,1610612748,Miami Heat,46,36,39.8,85.6,0.465,12.5,33.7,0.37,18.0,22.0,0.818,42.3,25.8,7.5,3.4,110.1
2023-24,1610612749,Milwaukee Bucks,49,33,43.1,88.5,0.487,14.2,38.1,0.373,18.5,23.9,0.774,44.2,26.5,6.8,5.0,119.0
2023-24,1610612750,Minnesota Timberwolves,56,26,41.3,85.0,0.485,12.6,32.7,0.387,17.8,22.9,0.777,43.6,26.6,7.9,6.1,113.0
2023-24,1610612740,New Orleans Pelicans,49,33,42.5,87.4,0.486,12.5,32.6,0.383,17.6,22.8,0.771,44.0,27.0,8.3,4.6,115.1
2023-24,1610612752,New York Knicks,50,32,41.3,88.7,0.465,13.2,35.8,0.369,17.0,21.8,0.78,45.2,24.4,7.5,4.1,112.8
2023-24,1610612760,Oklahoma City Thunder,57,25,44.5,89.3,0.499,13.3,34.2,0.389,17.7,21.5,0.825,42.0,27.1,8.5,6.6,120.1
2023-24,1610612753,Orlando Magic,47,35,40.5,84.9,0.476,11.0,31.3,0.352,18.5,24.4,0.759,42.3,24.7,8.2,5.2,110.5
2023-24,1610612755,Philadelphia 76ers,47,35,41.5,89.4,0.464,12.1,33.3,0.363,19.5,23.6,0.826,43.0,24.9,8.5,6.0,114.6
2023-24,1610612756,Phoenix Suns,49,33,42.5,86.1,0.493,12.4,32.6,0.382,18.9,23.4,0.808,44.1,27.0,7.4,6.0,116.2
2023-24,1610612757,Portland Trail Blazers,21,61,39.4,89.7,0.439,11.5,33.2,0.345,16.2,20.5,0.791,42.7,23.1,7.6,4.3,106.4
2023-24,1610612758,Sacramento Kings,46,36,43.3,90.9,0.477,14.4,39.3,0.366,15.5,20.9,0.745,44.0,28.3,7.6,4.2,116.6
2023-24,1610612759,San Antonio Spurs,22,60,41.9,90.7,0.462,12.6,36.4,0.347,15.6,20.0,0.782,44.2,29.9,7.1,6.3,112.1
2023-24,1610612761,Toronto Raptors,25,57,42.3,89.7,0.471,11.5,33.1,0.347,16.3,21.6,0.756,42.7,28.5,7.7,4.7,112.4
2023-24,1610612762,Utah Jazz,31,51,42.0,89.9,0.467,12.9,36.5,0.354,18.8,22.6,0.83,45.5,27.2,6.5,5.6,115.7
2023-24,1610612764,Washington Wizards,15,67,43.0,91.4,0.47,12.4,35.5,0.348,15.4,20.2,0.764,41.1,27.9,7.6,5.1,113.7
2024-25,1610612737,Atlanta Hawks,40,42,43.4,91.8,0.472,13.5,37.7,0.358,18.0,23.2,0.775,44.5,29.6,9.7,5.1,118.2
2024-25,1610612738,Boston Celtics,61,21,41.6,90.0,0.462,17.8,48.2,0.368,15.3,19.1,0.799,45.3,26.1,7.2,5.5,116.3
2024-25,1610612751,Brooklyn Nets,26,56,37.6,86.1,0.437,13.6,39.4,0.344,16.3,20.7,0.787,41.3,25.2,7.8,4.3,105.1
2024-25,1610612766,Charlotte Hornets,19,63,38.3,89.1,0.43,13.0,38.3,0.339,15.5,19.8,0.783,45.2,24.3,7.4,4.5,105.1
2024-25,1610612741,Chicago Bulls,39,43,43.2,92.0,0.47,15.4,42.0,0.367,16.0,19.7,0.809,45.9,29.1,7.6,4.7,117.8
2024-25,1610612739,Cleveland Cavaliers,64,18,44.5,90.8,0.491,15.9,41.5,0.383,17.0,21.9,0.776,45.4,28.1,8.2,4.3,121.9
2024-25,1610612742,Dallas Mavericks,39,43,42.0,87.7,0.479,12.4,34.2,0.364,17.8,23.1,0.77,43.0,25.2,7.8,5.4,114.2
2024-25,1610612743,Denver Nuggets,50,32,45.4,89.8,0.506,12.0,31.9,0.376,17.9,23.3,0.77,45.7,31.0,8.0,4.9,120.8
2024-25,1610612765,Detroit Pistons,44,38,42.7,89.8,0.476,12.8,35.4,0.362,17.2,22.3,0.774,44.8,26.4,8.0,5.3,115.5
2024-25,1610612744,Golden State Warriors,48,34,40.8,90.4,0.451,15.4,42.4,0.364,16.9,22.1,0.764,45.4,29.1,9.4,4.8,113.8
2024-25,1610612745,Houston Rockets,52,30,42.5,93.4,0.455,12.7,35.8,0.353,16.7,22.6,0.738,48.5,23.3,8.4,5.0,114.3
2024-25,1610612754,Indiana Pacers,50,32,43.6,89.3,0.488,13.2,35.8,0.368,17.0,21.6,0.789,41.8,29.2,8.5,5.5,117.4
2024-25,1610612746,LA Clippers,50,32,41.6,86.3,0.482,12.5,33.4,0.373,17.3,21.7,0.797,43.8,25.2,9.4,4.5,112.9
2024-25,1610612747,Los Angeles Lakers,50,32,40.9,85.5,0.479,13.3,36.4,0.366,18.2,23.2,0.785,42.4,26.0,7.7,4.5,113.4
2024-25,1610612763,Memphis Grizzlies,48,34,44.8,93.3,0.479,13.9,37.9,0.367,18.3,23.3,0.786,47.3,28.4,8.9,5.6,121.7
2024-25,1610612748,Miami Heat,37,45,40.5,87.0,0.465,13.7,37.3,0.367,16.0,20.2,0.791,43.4,26.4,8.1,3.8,110.6
2024-25,1610612749,Milwaukee Bucks,48,34,42.0,86.4,0.486,14.2,36.6,0.387,17.3,23.1,0.75,43.4,25.5,7.3,4.7,115.5
2024-25,1610612750,Minnesota Timberwolves,49,33,41.0,87.6,0.468,15.0,39.9,0.377,17.2,21.8,0.789,44.3,26.1,8.0,5.0,114.3
2024-25,1610612740,New Orleans Pelicans,21,61,40.6,89.9,0.452,12.0,34.6,0.347,16.5,21.9,0.754,43.6,25.8,8.5,5.2,109.8
2024-25,1610612752,New York Knicks,51,31,43.3,89.2,0.486,12.6,34.1,0.369,16.5,20.7,0.8,42.6,27.5,8.2,4.0,115.8
2024-25,1610612760,Oklahoma City Thunder,68,14,44.6,92.7,0.482,14.5,38.8,0.374,16.7,20.4,0.819,44.8,26.9,10.3,5.7,120.5
2024-25,1610612753,Orlando Magic,41,41,38.2,85.8,0.445,11.2,35.3,0.318,17.9,23.0,0.775,41.8,23.0,8.9,6.0,105.4
2024-25,1610612755,Philadelphia 76ers,24,58,39.7,87.4,0.454,12.7,37.2,0.341,17.5,22.5,0.78,39.8,23.2,9.2,4.5,109.6
2024-25,1610612756,Phoenix Suns,36,46,41.2,86.3,0.478,14.3,38.0,0.378,16.8,20.8,0.81,42.5,27.8,7.2,4.8,113.6
2024-25,1610612757,Portland Trail Blazers,36,46,40.5,90.2,0.45,12.9,37.7,0.342,16.9,22.2,0.762,44.8,23.8,8.3,5.3,110.9
2024-25,1610612758,Sacramento Kings,40,42,43.0,90.1,0.478,12.6,35.2,0.357,17.1,21.2,0.806,44.2,26.5,7.6,4.4,115.7
2024-25,1610612759,San Antonio Spurs,34,48,41.8,89.8,0.465,14.1,39.6,0.357,16.2,21.0,0.774,43.7,28.6,8.2,5.5,113.9
2024-25,1610612761,Toronto Raptors,30,52,41.6,91.0,0.458,11.8,34.0,0.348,15.8,21.1,0.748,45.1,28.5,8.1,4.2,110.9
2024-25,1610612762,Utah Jazz,17,65,40.3,88.7,0.454,14.0,39.8,0.35,17.3,22.4,0.774,45.4,25.5,6.8,4.4,111.9
2024-25,1610612764,Washington Wizards,18,64,39.4,89.9,0.439,13.1,39.1,0.335,16.0,20.6,0.778,43.7,25.1,7.6,5.1,108.0
